"id","status__c","tenancy__c","parent_tenancy","id-2","PMS_Reference__c","ownerid","accountid","recordtypeid","unit__c","status","tenancy_status__c","startdate","enddate","agreement_type__c","document_type__c","memorandum_of_agreement_date__c","actual_move_out_date__c","uplift_percentage__c","security_deposit_amount__c","break_clause__c","special_clauses__c","special_clause_free_text__c","vehicle_make__c","vehicle_model__c","vehicle_registration__c","opportunity__c","PMS_Reference__c-2","accountid-2","break_clause__c-2","recordtypeid-2","Unit__c","StartDate","Tenancy_End_Date__c","status-2","Agreement_Type__c","Description","unit_rn","ownerid-2","document_type__c-2","memorandum_of_agreement_date__c-2","actual_move_out_date__c-2","uplift_percentage__c-2","security_deposit_amount__c-2","special_clauses__c-2","special_clause_free_text__c-2","vehicle_make__c-2","vehicle_model__c-2","vehicle_registration__c-2"
"a24Nz000001bIobIAE","Active","800Pv00000GF0CjIAL",,,,,,,,,,,,,,,,,,,,,,,,,,,,,,,,,,,,,,,,,,,,,,
"a24Nz000001PSbdIAG","Active","800Pv00000GEvmIIAT",,,,,,,,,,,,,,,,,,,,,,,,,,,,,,,,,,,,,,,,,,,,,,
"a24Nz000001jlqDIAQ","Active","800Pv00000G4zXDIAZ",,,,,,,,,,,,,,,,,,,,,,,,,,,,,,,,,,,,,,,,,,,,,,
"a24Nz000001HlA1IAK","Active","800Pv00000GF3EcIAL",,,,,,,,,,,,,,,,,,,,,,,,,,,,,,,,,,,,,,,,,,,,,,
"a24Nz000001V7avIAC","Active","800Pv00000G4tpCIAR",,,,,,,,,,,,,,,,,,,,,,,,,,,,,,,,,,,,,,,,,,,,,,
"a24Nz000001feSLIAY","Active","800Pv00000GF0OfIAL",,,,,,,,,,,,,,,,,,,,,,,,,,,,,,,,,,,,,,,,,,,,,,
"a24Nz000001Yk7tIAC","Active","800Pv00000G53DHIAZ",,,,,,,,,,,,,,,,,,,,,,,,,,,,,,,,,,,,,,,,,,,,,,
"a24Nz000001pV7dIAE","Active","800Pv00000GF2AjIAL",,,,,,,,,,,,,,,,,,,,,,,,,,,,,,,,,,,,,,,,,,,,,,
"a24Pv0000060lWYIAY","Active","800Pv00000FzSlDIAV",,,,,,,,,,,,,,,,,,,,,,,,,,,,,,,,,,,,,,,,,,,,,,
"a24Nz000000pXy1IAE","Active","800Pv00000G4vc9IAB",,,,,,,,,,,,,,,,,,,,,,,,,,,,,,,,,,,,,,,,,,,,,,
"a24Nz000001f5WDIAY","Active","800Pv00000G4zpHIAR",,,,,,,,,,,,,,,,,,,,,,,,,,,,,,,,,,,,,,,,,,,,,,
"a24Nz000001ANduIAG","Active","800Pv00000G4xrdIAB",,,,,,,,,,,,,,,,,,,,,,,,,,,,,,,,,,,,,,,,,,,,,,
"a24Nz000001hVcfIAE","Active","800Pv00000G4xrdIAB",,,,,,,,,,,,,,,,,,,,,,,,,,,,,,,,,,,,,,,,,,,,,,
"a24Nz000001pyMXIAY","Active","800Pv00000FzjvuIAB",,,,,,,,,,,,,,,,,,,,,,,,,,,,,,,,,,,,,,,,,,,,,,
"a24Nz000001eyRVIAY","Active","800Pv00000G55pjIAB",,,,,,,,,,,,,,,,,,,,,,,,,,,,,,,,,,,,,,,,,,,,,,
"a24Nz000001VXf3IAG","Active","800Pv00000GF3b5IAD",,,,,,,,,,,,,,,,,,,,,,,,,,,,,,,,,,,,,,,,,,,,,,
"a24Nz000001exdWIAQ","Active","800Pv00000G4zplIAB",,,,,,,,,,,,,,,,,,,,,,,,,,,,,,,,,,,,,,,,,,,,,,
"a24Nz000001DY4vIAG","Active","800Pv00000GF352IAD",,,,,,,,,,,,,,,,,,,,,,,,,,,,,,,,,,,,,,,,,,,,,,
"a24Nz000001ZJf7IAG","Active","800Pv00000GF1gjIAD",,,,,,,,,,,,,,,,,,,,,,,,,,,,,,,,,,,,,,,,,,,,,,
"a24Nz000001nRbBIAU","Active","800Pv00000GEvicIAD",,,,,,,,,,,,,,,,,,,,,,,,,,,,,,,,,,,,,,,,,,,,,,
"a24Nz000001dDMbIAM","Active","800Pv00000G4toKIAR",,,,,,,,,,,,,,,,,,,,,,,,,,,,,,,,,,,,,,,,,,,,,,
"a24Nz000001aQY5IAM","Active","800Pv00000G4ojVIAR",,,,,,,,,,,,,,,,,,,,,,,,,,,,,,,,,,,,,,,,,,,,,,
"a24Nz000001KCm1IAG","Active","800Pv00000G4xEPIAZ",,,,,,,,,,,,,,,,,,,,,,,,,,,,,,,,,,,,,,,,,,,,,,
"a24Nz000001P9M5IAK","Active","800Pv00000GEyqrIAD","800Pv00000GF2jeIAD",,,,,,,,,,,,,,,,,,,,,,,,,,,,,,,,,,,,,,,,,,,,,
"a24Nz000001TuCjIAK","Pending Cancel/Close","800Pv00000GF2ADIA1",,,,,,,,,,,,,,,,,,,,,,,,,,,,,,,,,,,,,,,,,,,,,,
"a24Nz000001ohUDIAY","Active","800Pv00000G53aRIAR",,,,,,,,,,,,,,,,,,,,,,,,,,,,,,,,,,,,,,,,,,,,,,
"a24Nz000001pkWTIAY","Active","800Pv00000GEuuSIAT",,,,,,,,,,,,,,,,,,,,,,,,,,,,,,,,,,,,,,,,,,,,,,
"a24Nz000001MLV3IAO","Active","800Pv00000G55qWIAR",,,,,,,,,,,,,,,,,,,,,,,,,,,,,,,,,,,,,,,,,,,,,,
"a24Nz000001hUa9IAE","Active","800Pv00000GF1O8IAL",,,,,,,,,,,,,,,,,,,,,,,,,,,,,,,,,,,,,,,,,,,,,,
"a24Nz000001bKOzIAM","Active","800Pv00000G55kWIAR",,,,,,,,,,,,,,,,,,,,,,,,,,,,,,,,,,,,,,,,,,,,,,
"a24Nz000001No0MIAS","Active","800Pv00000GF3csIAD",,,,,,,,,,,,,,,,,,,,,,,,,,,,,,,,,,,,,,,,,,,,,,
"a24Nz000001QPAHIA4","Active","800Pv00000G4x11IAB",,,,,,,,,,,,,,,,,,,,,,,,,,,,,,,,,,,,,,,,,,,,,,
"a24Nz000001FBnNIAW","Active","800Pv00000G53alIAB",,,,,,,,,,,,,,,,,,,,,,,,,,,,,,,,,,,,,,,,,,,,,,
"a24Nz000001HiKDIA0","Active","800Pv00000GF3RTIA1",,,,,,,,,,,,,,,,,,,,,,,,,,,,,,,,,,,,,,,,,,,,,,
"a24Nz000001mEPtIAM","Active","800Pv00000GF2BfIAL",,,,,,,,,,,,,,,,,,,,,,,,,,,,,,,,,,,,,,,,,,,,,,
"a24Nz000001cP85IAE","Active","800Pv00000GExM8IAL",,,,,,,,,,,,,,,,,,,,,,,,,,,,,,,,,,,,,,,,,,,,,,
"a24Nz000001izvFIAQ","Active","800Pv00000GEuBJIA1","800Pv00000GF3QCIA1",,,,,,,,,,,,,,,,,,,,,,,,,,,,,,,,,,,,,,,,,,,,,
"a24Nz000001f1NlIAI","Active","800Pv00000Fzmk1IAB",,,,,,,,,,,,,,,,,,,,,,,,,,,,,,,,,,,,,,,,,,,,,,
"a24Nz000001QyHhIAK","Active","800Pv00000GErRrIAL","800Pv00000G4zorIAB",,,,,,,,,,,,,,,,,,,,,,,,,,,,,,,,,,,,,,,,,,,,,
"a24Nz000001nNkTIAU","Active","800Pv00000GF3IHIA1",,,,,,,,,,,,,,,,,,,,,,,,,,,,,,,,,,,,,,,,,,,,,,
"a24Nz000001IbesIAC","Active","800Pv00000GF2AlIAL",,,,,,,,,,,,,,,,,,,,,,,,,,,,,,,,,,,,,,,,,,,,,,
"a24Nz000001O7arIAC","Active","800Pv00000G4ySuIAJ",,,,,,,,,,,,,,,,,,,,,,,,,,,,,,,,,,,,,,,,,,,,,,
"a24Nz000001cKgHIAU","Active","800Pv00000GF0RiIAL","800Pv00000GEzrvIAD",,,,,,,,,,,,,,,,,,,,,,,,,,,,,,,,,,,,,,,,,,,,,
"a24Nz000001lHL0IAM","Active","800Pv00000G55XsIAJ",,,,,,,,,,,,,,,,,,,,,,,,,,,,,,,,,,,,,,,,,,,,,,
"a24Pv000003Xg3ZIAS","Active","800Pv00000G581AIAR",,,,,,,,,,,,,,,,,,,,,,,,,,,,,,,,,,,,,,,,,,,,,,
"a24Nz000001e1EXIAY","Active","800Pv00000GF28pIAD",,,,,,,,,,,,,,,,,,,,,,,,,,,,,,,,,,,,,,,,,,,,,,
"a24Nz000001ixlOIAQ","Active","800Pv00000G53faIAB",,,,,,,,,,,,,,,,,,,,,,,,,,,,,,,,,,,,,,,,,,,,,,
"a24Nz000001bjiLIAQ","Active","800Pv00000G4sRLIAZ",,,,,,,,,,,,,,,,,,,,,,,,,,,,,,,,,,,,,,,,,,,,,,
"a24Nz000001HvSjIAK","Active","800Pv00000GF1aYIAT",,,,,,,,,,,,,,,,,,,,,,,,,,,,,,,,,,,,,,,,,,,,,,
"a24Nz000001exnBIAQ","Active","800Pv00000G4r7HIAR",,,,,,,,,,,,,,,,,,,,,,,,,,,,,,,,,,,,,,,,,,,,,,
"a24Nz000001feovIAA","Active","800Pv00000GF381IAD","800Pv00000GExbDIAT",,,,,,,,,,,,,,,,,,,,,,,,,,,,,,,,,,,,,,,,,,,,,
"a24Nz000001nwqHIAQ","Active","800Pv00000GF3WoIAL",,,,,,,,,,,,,,,,,,,,,,,,,,,,,,,,,,,,,,,,,,,,,,
"a24Nz000001KljlIAC","Active","800Pv00000G4rZUIAZ",,,,,,,,,,,,,,,,,,,,,,,,,,,,,,,,,,,,,,,,,,,,,,
"a24Nz000001OOztIAG","Active","800Pv00000G53ayIAB",,,,,,,,,,,,,,,,,,,,,,,,,,,,,,,,,,,,,,,,,,,,,,
"a24Nz000001k2ZJIAY","Active","800Pv00000G4r7GIAR",,,,,,,,,,,,,,,,,,,,,,,,,,,,,,,,,,,,,,,,,,,,,,
"a24Nz000001bHSjIAM","Active","800Pv00000GF2eRIAT",,,,,,,,,,,,,,,,,,,,,,,,,,,,,,,,,,,,,,,,,,,,,,
"a24Nz000001lT1CIAU","Active","800Pv00000G55piIAB",,,,,,,,,,,,,,,,,,,,,,,,,,,,,,,,,,,,,,,,,,,,,,
"a24Nz000001poBuIAI","Active","800Pv00000GExUvIAL","800Pv00000G4r6UIAR",,,,,,,,,,,,,,,,,,,,,,,,,,,,,,,,,,,,,,,,,,,,,
"a24Nz000001bHPVIA2","Active","800Pv00000Fzg3cIAB",,,,,,,,,,,,,,,,,,,,,,,,,,,,,,,,,,,,,,,,,,,,,,
"a24Nz000001j04vIAA","Active","800Pv00000GF3FnIAL",,,,,,,,,,,,,,,,,,,,,,,,,,,,,,,,,,,,,,,,,,,,,,
"a24Nz0000018rbFIAQ","Active","800Pv00000G55pSIAR",,,,,,,,,,,,,,,,,,,,,,,,,,,,,,,,,,,,,,,,,,,,,,
"a24Nz000001gylaIAA","Active","800Pv00000G4w6QIAR",,,,,,,,,,,,,,,,,,,,,,,,,,,,,,,,,,,,,,,,,,,,,,
"a24Nz000001jFLhIAM","Active","800Pv00000GF3M5IAL","800Pv00000G53yuIAB",,,,,,,,,,,,,,,,,,,,,,,,,,,,,,,,,,,,,,,,,,,,,
"a24Nz0000011UQ5IAM","Pending Cancel/Close","800Pv00000G4yTIIAZ",,,,,,,,,,,,,,,,,,,,,,,,,,,,,,,,,,,,,,,,,,,,,,
"a24Nz000001M0f7IAC","Active","800Pv00000GF3LkIAL",,,,,,,,,,,,,,,,,,,,,,,,,,,,,,,,,,,,,,,,,,,,,,
"a24Nz000001mKVJIA2","Active","800Pv00000GF1gDIAT",,,,,,,,,,,,,,,,,,,,,,,,,,,,,,,,,,,,,,,,,,,,,,
"a24Nz000001dCjtIAE","Active","800Pv00000G4r7FIAR",,,,,,,,,,,,,,,,,,,,,,,,,,,,,,,,,,,,,,,,,,,,,,
"a24Nz000001UFInIAO","Active","800Pv00000GF3EnIAL",,,,,,,,,,,,,,,,,,,,,,,,,,,,,,,,,,,,,,,,,,,,,,
"a24Nz000001djMTIAY","Active","800Pv00000G53yrIAB",,,,,,,,,,,,,,,,,,,,,,,,,,,,,,,,,,,,,,,,,,,,,,
"a24Nz000001o2NpIAI","Active","800Pv00000GExUWIA1",,,,,,,,,,,,,,,,,,,,,,,,,,,,,,,,,,,,,,,,,,,,,,
"a24Pv000003r6S9IAI","Active","800Pv00000GExayIAD",,,,,,,,,,,,,,,,,,,,,,,,,,,,,,,,,,,,,,,,,,,,,,
"a24Nz000001lpkrIAA","Active","800Pv00000G54elIAB",,,,,,,,,,,,,,,,,,,,,,,,,,,,,,,,,,,,,,,,,,,,,,
"a24Nz000001fe90IAA","Active","800Pv00000G4raRIAR",,,,,,,,,,,,,,,,,,,,,,,,,,,,,,,,,,,,,,,,,,,,,,
"a24Nz000001m0YDIAY","Active","800Pv00000GExXEIA1",,,,,,,,,,,,,,,,,,,,,,,,,,,,,,,,,,,,,,,,,,,,,,
"a24Nz000001mUpdIAE","Active","800Pv00000GExV6IAL",,,,,,,,,,,,,,,,,,,,,,,,,,,,,,,,,,,,,,,,,,,,,,
"a24Nz000001l98wIAA","Active","800Pv00000G51MnIAJ",,,,,,,,,,,,,,,,,,,,,,,,,,,,,,,,,,,,,,,,,,,,,,
"a24Nz000001iUZhIAM","Active","800Pv00000G4ysYIAR",,,,,,,,,,,,,,,,,,,,,,,,,,,,,,,,,,,,,,,,,,,,,,
"a24Nz00000166wbIAA","Active","800Pv00000G53CpIAJ",,,,,,,,,,,,,,,,,,,,,,,,,,,,,,,,,,,,,,,,,,,,,,
"a24Nz000001dGPKIA2","Active","800Pv00000GF1bJIAT",,,,,,,,,,,,,,,,,,,,,,,,,,,,,,,,,,,,,,,,,,,,,,
"a24Nz000001hFUfIAM","Active","800Pv00000G55kQIAR",,,,,,,,,,,,,,,,,,,,,,,,,,,,,,,,,,,,,,,,,,,,,,
"a24Nz000001KCFlIAO","Active","800Pv00000GF2vyIAD",,,,,,,,,,,,,,,,,,,,,,,,,,,,,,,,,,,,,,,,,,,,,,
"a24Nz000001fA9JIAU","Active","800Pv00000GF23pIAD","800Pv00000GEuaKIAT",,,,,,,,,,,,,,,,,,,,,,,,,,,,,,,,,,,,,,,,,,,,,
"a24Nz000001nigrIAA","Active","800Pv00000GF2jIIAT",,,,,,,,,,,,,,,,,,,,,,,,,,,,,,,,,,,,,,,,,,,,,,
"a24Nz000001iA38IAE","Active","800Pv00000G4zXCIAZ",,,,,,,,,,,,,,,,,,,,,,,,,,,,,,,,,,,,,,,,,,,,,,
"a24Nz000001LyTdIAK","Active","800Pv00000G4vosIAB",,,,,,,,,,,,,,,,,,,,,,,,,,,,,,,,,,,,,,,,,,,,,,
"a24Nz000001nLp7IAE","Active","800Pv00000G54H7IAJ",,,,,,,,,,,,,,,,,,,,,,,,,,,,,,,,,,,,,,,,,,,,,,
"a24Nz000001YaEzIAK","Active","800Pv00000G55p3IAB",,,,,,,,,,,,,,,,,,,,,,,,,,,,,,,,,,,,,,,,,,,,,,
"a24Nz000001lv8jIAA","Active","800Pv00000GF099IAD",,,,,,,,,,,,,,,,,,,,,,,,,,,,,,,,,,,,,,,,,,,,,,
"a24Nz000001l78jIAA","Active","800Pv00000GF3NrIAL",,,,,,,,,,,,,,,,,,,,,,,,,,,,,,,,,,,,,,,,,,,,,,
"a24Nz000001bYbdIAE","Active","800Pv00000G4r74IAB",,,,,,,,,,,,,,,,,,,,,,,,,,,,,,,,,,,,,,,,,,,,,,
"a24Nz000001SLFTIA4","Active","800Pv00000GF3Q7IAL",,,,,,,,,,,,,,,,,,,,,,,,,,,,,,,,,,,,,,,,,,,,,,
"a24Nz000001d9pGIAQ","Active","800Pv00000G54GpIAJ",,,,,,,,,,,,,,,,,,,,,,,,,,,,,,,,,,,,,,,,,,,,,,
"a24Nz000001lNGjIAM","Active","800Pv00000G4r7PIAR",,,,,,,,,,,,,,,,,,,,,,,,,,,,,,,,,,,,,,,,,,,,,,
"a24Nz000001OYsnIAG","Active","800Pv00000G53baIAB",,,,,,,,,,,,,,,,,,,,,,,,,,,,,,,,,,,,,,,,,,,,,,
"a24Nz000001LwgLIAS","Active","800Pv00000G55ZQIAZ",,,,,,,,,,,,,,,,,,,,,,,,,,,,,,,,,,,,,,,,,,,,,,
"a24Nz000001pTU1IAM","Active","800Pv00000GF2BoIAL",,,,,,,,,,,,,,,,,,,,,,,,,,,,,,,,,,,,,,,,,,,,,,
"a24Nz000001kbqPIAQ","Active","800Pv00000G53aWIAR",,,,,,,,,,,,,,,,,,,,,,,,,,,,,,,,,,,,,,,,,,,,,,
"a24Nz000001oesvIAA","Active","800Pv00000FzsPRIAZ","800Pv00000G4rZyIAJ",,,,,,,,,,,,,,,,,,,,,,,,,,,,,,,,,,,,,,,,,,,,,
"a24Nz000001pmDJIAY","Active","800Pv00000G55VqIAJ",,,,,,,,,,,,,,,,,,,,,,,,,,,,,,,,,,,,,,,,,,,,,,
"a24Nz000001NFFVIA4","Active","800Pv00000G4x1lIAB",,,,,,,,,,,,,,,,,,,,,,,,,,,,,,,,,,,,,,,,,,,,,,
"a24Nz000001TzsMIAS","Active","800Pv00000G4znEIAR",,,,,,,,,,,,,,,,,,,,,,,,,,,,,,,,,,,,,,,,,,,,,,
"a24Nz000001bbRRIAY","Active","800Pv00000G53zfIAB",,,,,,,,,,,,,,,,,,,,,,,,,,,,,,,,,,,,,,,,,,,,,,
"a24Pv000002SgRNIA0","Active","800Pv00000Fzj34IAB",,,,,,,,,,,,,,,,,,,,,,,,,,,,,,,,,,,,,,,,,,,,,,
"a24Nz000001b5kvIAA","Active","800Pv00000GF34jIAD",,,,,,,,,,,,,,,,,,,,,,,,,,,,,,,,,,,,,,,,,,,,,,
"a24Nz000001jyM1IAI","Active","800Pv00000GF2y8IAD",,,,,,,,,,,,,,,,,,,,,,,,,,,,,,,,,,,,,,,,,,,,,,
"a24Nz000001P4RFIA0","Active","800Pv00000GF3d1IAD",,,,,,,,,,,,,,,,,,,,,,,,,,,,,,,,,,,,,,,,,,,,,,
"a24Nz000001egCtIAI","Active","800Pv00000GF3b3IAD",,,,,,,,,,,,,,,,,,,,,,,,,,,,,,,,,,,,,,,,,,,,,,
"a24Nz000001dFt3IAE","Active","800Pv00000GEuaJIAT","800Pv00000G4toJIAR",,,,,,,,,,,,,,,,,,,,,,,,,,,,,,,,,,,,,,,,,,,,,
"a24Nz000001OYG5IAO","Active","800Pv00000GEw0sIAD",,,,,,,,,,,,,,,,,,,,,,,,,,,,,,,,,,,,,,,,,,,,,,
"a24Nz000001lEdFIAU","Active","800Pv00000GExUVIA1",,,,,,,,,,,,,,,,,,,,,,,,,,,,,,,,,,,,,,,,,,,,,,
"a24Nz000001L7xBIAS","Active","800Pv00000GEzxRIAT",,,,,,,,,,,,,,,,,,,,,,,,,,,,,,,,,,,,,,,,,,,,,,
"a24Nz000001dhFpIAI","Active","800Pv00000GF1blIAD",,,,,,,,,,,,,,,,,,,,,,,,,,,,,,,,,,,,,,,,,,,,,,
"a24Nz000001lrLFIAY","Active","800Pv00000GEuurIAD",,,,,,,,,,,,,,,,,,,,,,,,,,,,,,,,,,,,,,,,,,,,,,
"a24Nz000001jjy6IAA","Active","800Pv00000GEua6IAD",,,,,,,,,,,,,,,,,,,,,,,,,,,,,,,,,,,,,,,,,,,,,,
"a24Nz000001lCA1IAM","Active","800Pv00000GF2KeIAL",,,,,,,,,,,,,,,,,,,,,,,,,,,,,,,,,,,,,,,,,,,,,,
"a24Nz000001dkVRIAY","Active","800Pv00000G53b4IAB","800Pv00000G53bNIAR",,,,,,,,,,,,,,,,,,,,,,,,,,,,,,,,,,,,,,,,,,,,,
"a24Nz000001E18XIAS","Active","800Pv00000G581aIAB",,,,,,,,,,,,,,,,,,,,,,,,,,,,,,,,,,,,,,,,,,,,,,
"a24Nz000001fBF3IAM","Active","800Pv00000G4rZhIAJ",,,,,,,,,,,,,,,,,,,,,,,,,,,,,,,,,,,,,,,,,,,,,,
"a24Nz000001m36HIAQ","Active","800Pv00000G54GkIAJ",,,,,,,,,,,,,,,,,,,,,,,,,,,,,,,,,,,,,,,,,,,,,,
"a24Nz000001kewLIAQ","Active","800Pv00000G4xsDIAR",,,,,,,,,,,,,,,,,,,,,,,,,,,,,,,,,,,,,,,,,,,,,,
"a24Nz000001cgFNIAY","Active","800Pv00000GEuK7IAL","800Pv00000GEzy4IAD",,,,,,,,,,,,,,,,,,,,,,,,,,,,,,,,,,,,,,,,,,,,,
"a24Nz000001VHiMIAW","Active","800Pv00000GF1s9IAD",,,,,,,,,,,,,,,,,,,,,,,,,,,,,,,,,,,,,,,,,,,,,,
"a24Nz000001XI2PIAW","Active","800Pv00000G4x1EIAR",,,,,,,,,,,,,,,,,,,,,,,,,,,,,,,,,,,,,,,,,,,,,,
"a24Nz000001mOaXIAU","Active","800Pv00000GEzrkIAD",,,,,,,,,,,,,,,,,,,,,,,,,,,,,,,,,,,,,,,,,,,,,,
"a24Nz000001ORL3IAO","Active","800Pv00000G53aVIAR",,,,,,,,,,,,,,,,,,,,,,,,,,,,,,,,,,,,,,,,,,,,,,
"a24Nz000001cIrOIAU","Active","800Pv00000GEzrvIAD",,,,,,,,,,,,,,,,,,,,,,,,,,,,,,,,,,,,,,,,,,,,,,
"a24Nz000001hiJmIAI","Active","800Pv00000GF34fIAD",,,,,,,,,,,,,,,,,,,,,,,,,,,,,,,,,,,,,,,,,,,,,,
"a24Nz000001SLQjIAO","Active","800Pv00000G4toUIAR",,,,,,,,,,,,,,,,,,,,,,,,,,,,,,,,,,,,,,,,,,,,,,
"a24Nz000001VpYjIAK","Active","800Pv00000GF39VIAT","800Pv00000GF3b5IAD",,,,,,,,,,,,,,,,,,,,,,,,,,,,,,,,,,,,,,,,,,,,,
"a24Nz000001djj3IAA","Active","800Pv00000GF1bTIAT","800Pv00000G53ClIAJ",,,,,,,,,,,,,,,,,,,,,,,,,,,,,,,,,,,,,,,,,,,,,
"a24Nz000001io0XIAQ","Active","800Pv00000G4znUIAR",,,,,,,,,,,,,,,,,,,,,,,,,,,,,,,,,,,,,,,,,,,,,,
"a24Nz000001iCHpIAM","Active","800Pv00000GEqWGIA1","800Pv00000G56h4IAB",,,,,,,,,,,,,,,,,,,,,,,,,,,,,,,,,,,,,,,,,,,,,
"a24Nz000001e0GrIAI","Active","800Pv00000G4uhpIAB",,,,,,,,,,,,,,,,,,,,,,,,,,,,,,,,,,,,,,,,,,,,,,
"a24Nz000001eexRIAQ","Active","800Pv00000G53akIAB",,,,,,,,,,,,,,,,,,,,,,,,,,,,,,,,,,,,,,,,,,,,,,
"a24Nz000001k3woIAA","Active","800Pv00000G4vbZIAR",,,,,,,,,,,,,,,,,,,,,,,,,,,,,,,,,,,,,,,,,,,,,,
"a24Nz000001k33xIAA","Active","800Pv00000G53DFIAZ",,,,,,,,,,,,,,,,,,,,,,,,,,,,,,,,,,,,,,,,,,,,,,
"a24Pv000005OJppIAG","Active","800Pv00000ExPA0IAN",,,,,,,,,,,,,,,,,,,,,,,,,,,,,,,,,,,,,,,,,,,,,,
"a24Nz000001kUgrIAE","Active","800Pv00000G4to4IAB",,,,,,,,,,,,,,,,,,,,,,,,,,,,,,,,,,,,,,,,,,,,,,
"a24Nz000001oEqPIAU","Active","800Pv00000G53fKIAR",,,,,,,,,,,,,,,,,,,,,,,,,,,,,,,,,,,,,,,,,,,,,,
"a24Nz000001k3wnIAA","Active","800Pv00000G4znAIAR",,,,,,,,,,,,,,,,,,,,,,,,,,,,,,,,,,,,,,,,,,,,,,
"a24Nz000001mUCvIAM","Active","800Pv00000G51afIAB",,,,,,,,,,,,,,,,,,,,,,,,,,,,,,,,,,,,,,,,,,,,,,
"a24Nz000001bYrlIAE","Active","800Pv00000GEySnIAL",,,,,,,,,,,,,,,,,,,,,,,,,,,,,,,,,,,,,,,,,,,,,,
"a24Pv0000040FxhIAE","Active","800Pv00000GF08rIAD",,,,,,,,,,,,,,,,,,,,,,,,,,,,,,,,,,,,,,,,,,,,,,
"a24Nz000001mZ2vIAE","Active","800Pv00000G4x1fIAB",,,,,,,,,,,,,,,,,,,,,,,,,,,,,,,,,,,,,,,,,,,,,,
"a24Nz000001mbeDIAQ","Active","800Pv00000G55ZDIAZ",,,,,,,,,,,,,,,,,,,,,,,,,,,,,,,,,,,,,,,,,,,,,,
"a24Nz000001IMcbIAG","Active","800Pv00000GEzSBIA1",,,,,,,,,,,,,,,,,,,,,,,,,,,,,,,,,,,,,,,,,,,,,,
"a24Nz000001NZ69IAG","Active","800Pv00000G4zobIAB",,,,,,,,,,,,,,,,,,,,,,,,,,,,,,,,,,,,,,,,,,,,,,
"a24Nz000001fs3tIAA","Active","800Pv00000GF2bWIAT",,,,,,,,,,,,,,,,,,,,,,,,,,,,,,,,,,,,,,,,,,,,,,
"a24Nz000001b2S5IAI","Active","800Pv00000G4totIAB",,,,,,,,,,,,,,,,,,,,,,,,,,,,,,,,,,,,,,,,,,,,,,
"a24Nz000001fiR7IAI","Active","800Pv00000GEz7SIAT",,,,,,,,,,,,,,,,,,,,,,,,,,,,,,,,,,,,,,,,,,,,,,
"a24Nz0000019W6XIAU","Active","800Pv00000G518IIAR",,,,,,,,,,,,,,,,,,,,,,,,,,,,,,,,,,,,,,,,,,,,,,
"a24Nz000001F669IAC","Active","800Pv00000GExMMIA1",,,,,,,,,,,,,,,,,,,,,,,,,,,,,,,,,,,,,,,,,,,,,,
"a24Nz000001pxDZIAY","Active","800Pv00000G53znIAB",,,,,,,,,,,,,,,,,,,,,,,,,,,,,,,,,,,,,,,,,,,,,,
"a24Nz000001E5FNIA0","Active","800Pv00000G4tp6IAB",,,,,,,,,,,,,,,,,,,,,,,,,,,,,,,,,,,,,,,,,,,,,,
"a24Nz000001KNpVIAW","Active","800Pv00000G4x1DIAR",,,,,,,,,,,,,,,,,,,,,,,,,,,,,,,,,,,,,,,,,,,,,,
"a24Nz000001dNH7IAM","Active","800Pv00000G53bNIAR",,,,,,,,,,,,,,,,,,,,,,,,,,,,,,,,,,,,,,,,,,,,,,
"a24Nz000001nhb7IAA","Active","800Pv00000G4xsOIAR",,,,,,,,,,,,,,,,,,,,,,,,,,,,,,,,,,,,,,,,,,,,,,
"a24Nz000001V4YDIA0","Active","800Pv00000GF2glIAD",,,,,,,,,,,,,,,,,,,,,,,,,,,,,,,,,,,,,,,,,,,,,,
"a24Nz000001bLw9IAE","Active","800Pv00000GEuKCIA1",,,,,,,,,,,,,,,,,,,,,,,,,,,,,,,,,,,,,,,,,,,,,,
"a24Nz000001OF0XIAW","Active","800Pv00000G4voXIAR",,,,,,,,,,,,,,,,,,,,,,,,,,,,,,,,,,,,,,,,,,,,,,
"a24Nz000001T6W5IAK","Active","800Pv00000G4tp9IAB",,,,,,,,,,,,,,,,,,,,,,,,,,,,,,,,,,,,,,,,,,,,,,
"a24Nz000001d8BdIAI","Active","800Pv00000GF1bZIAT","800Pv00000GEvmcIAD",,,,,,,,,,,,,,,,,,,,,,,,,,,,,,,,,,,,,,,,,,,,,
"a24Nz000001agD3IAI","Active","800Pv00000G4ySeIAJ",,,,,,,,,,,,,,,,,,,,,,,,,,,,,,,,,,,,,,,,,,,,,,
"a24Nz000001cCkLIAU","Active","800Pv00000G55pCIAR",,,,,,,,,,,,,,,,,,,,,,,,,,,,,,,,,,,,,,,,,,,,,,
"a24Nz000001dcUfIAI","Active","800Pv00000G4r6fIAB",,,,,,,,,,,,,,,,,,,,,,,,,,,,,,,,,,,,,,,,,,,,,,
"a24Nz000001gxxZIAQ","Active","800Pv00000G54GYIAZ","800Pv00000G53CSIAZ",,,,,,,,,,,,,,,,,,,,,,,,,,,,,,,,,,,,,,,,,,,,,
"a24Nz000001m2gTIAQ","Active","800Pv00000G53yqIAB",,,,,,,,,,,,,,,,,,,,,,,,,,,,,,,,,,,,,,,,,,,,,,
"a24Pv000005vOZ8IAM","Complete","800Pv00000FzlQ4IAJ",,,,,,,,,,,,,,,,,,,,,,,,,,,,,,,,,,,,,,,,,,,,,,
"a24Nz000001nyYjIAI","Active","800Pv00000FzsqsIAB",,,,,,,,,,,,,,,,,,,,,,,,,,,,,,,,,,,,,,,,,,,,,,
"a24Nz000001oENNIA2","Active","800Pv00000G51MMIAZ",,,,,,,,,,,,,,,,,,,,,,,,,,,,,,,,,,,,,,,,,,,,,,
"a24Nz000001NASjIAO","Active","800Pv00000G55pHIAR",,,,,,,,,,,,,,,,,,,,,,,,,,,,,,,,,,,,,,,,,,,,,,
"a24Nz000001dhpJIAQ","Active","800Pv00000G54GqIAJ",,,,,,,,,,,,,,,,,,,,,,,,,,,,,,,,,,,,,,,,,,,,,,
"a24Nz000001cEKjIAM","Active","800Pv00000G54GgIAJ",,,,,,,,,,,,,,,,,,,,,,,,,,,,,,,,,,,,,,,,,,,,,,
"a24Nz000001hiYHIAY","Active","800Pv00000G4ok8IAB",,,,,,,,,,,,,,,,,,,,,,,,,,,,,,,,,,,,,,,,,,,,,,
"a24Nz000001hkF8IAI","Active","800Pv00000GEm8HIAT","800Pv00000GEz0aIAD",,,,,,,,,,,,,,,,,,,,,,,,,,,,,,,,,,,,,,,,,,,,,
"a24Nz000001c7vxIAA","Active","800Pv00000G53ClIAJ",,,,,,,,,,,,,,,,,,,,,,,,,,,,,,,,,,,,,,,,,,,,,,
"a24Nz000001d0xFIAQ","Active","800Pv00000G53ajIAB",,,,,,,,,,,,,,,,,,,,,,,,,,,,,,,,,,,,,,,,,,,,,,
"a24Nz000001bGYHIA2","Active","800Pv00000G54eaIAB",,,,,,,,,,,,,,,,,,,,,,,,,,,,,,,,,,,,,,,,,,,,,,
"a24Nz000001dE2XIAU","Active","800Pv00000G4uhGIAR",,,,,,,,,,,,,,,,,,,,,,,,,,,,,,,,,,,,,,,,,,,,,,
"a24Nz000001XyG9IAK","Active","800Pv00000GEqWTIA1",,,,,,,,,,,,,,,,,,,,,,,,,,,,,,,,,,,,,,,,,,,,,,
"a24Nz000001KuyLIAS","Active","800Pv00000G4znXIAR",,,,,,,,,,,,,,,,,,,,,,,,,,,,,,,,,,,,,,,,,,,,,,
"a24Nz000001izSDIAY","Active","800Pv00000G4raMIAR",,,,,,,,,,,,,,,,,,,,,,,,,,,,,,,,,,,,,,,,,,,,,,
"a24Nz000001Vj57IAC","Active","800Pv00000G4ySjIAJ",,,,,,,,,,,,,,,,,,,,,,,,,,,,,,,,,,,,,,,,,,,,,,
"a24Nz000001dHbVIAU","Active","800Pv00000G4xrqIAB",,,,,,,,,,,,,,,,,,,,,,,,,,,,,,,,,,,,,,,,,,,,,,
"a24Nz000001dj4jIAA","Active","800Pv00000G4r7EIAR",,,,,,,,,,,,,,,,,,,,,,,,,,,,,,,,,,,,,,,,,,,,,,
"a24Nz000001eYC5IAM","Active","800Pv00000GF3bDIAT",,,,,,,,,,,,,,,,,,,,,,,,,,,,,,,,,,,,,,,,,,,,,,
"a24Nz000001fbHZIAY","Active","800Pv00000G51LoIAJ",,,,,,,,,,,,,,,,,,,,,,,,,,,,,,,,,,,,,,,,,,,,,,
"a24Nz000001VJNZIA4","Active","800Pv00000G56dhIAB",,,,,,,,,,,,,,,,,,,,,,,,,,,,,,,,,,,,,,,,,,,,,,
"a24Nz000001pKqYIAU","Active","800Pv00000GF3PpIAL",,,,,,,,,,,,,,,,,,,,,,,,,,,,,,,,,,,,,,,,,,,,,,
"a24Nz000001LrDdIAK","Active","800Pv00000G4r6ZIAR",,,,,,,,,,,,,,,,,,,,,,,,,,,,,,,,,,,,,,,,,,,,,,
"a24Nz000001MLzhIAG","Active","800Pv00000G53ylIAB",,,,,,,,,,,,,,,,,,,,,,,,,,,,,,,,,,,,,,,,,,,,,,
"a24Nz000001h7iPIAQ","Active","800Pv00000G4xslIAB",,,,,,,,,,,,,,,,,,,,,,,,,,,,,,,,,,,,,,,,,,,,,,
"a24Nz000001l4VpIAI","Active","800Pv00000GF3MKIA1",,,,,,,,,,,,,,,,,,,,,,,,,,,,,,,,,,,,,,,,,,,,,,
"a24Nz000001bfDJIAY","Active","800Pv00000GF28tIAD",,,,,,,,,,,,,,,,,,,,,,,,,,,,,,,,,,,,,,,,,,,,,,
"a24Nz000001mJJ7IAM","Active","800Pv00000GF28uIAD",,,,,,,,,,,,,,,,,,,,,,,,,,,,,,,,,,,,,,,,,,,,,,
"a24Nz000001Bx2bIAC","Active","800Pv00000G4vbuIAB",,,,,,,,,,,,,,,,,,,,,,,,,,,,,,,,,,,,,,,,,,,,,,
"a24Nz000001nvuDIAQ","Active","800Pv00000G4r6HIAR",,,,,,,,,,,,,,,,,,,,,,,,,,,,,,,,,,,,,,,,,,,,,,
"a24Nz000001nKZhIAM","Active","800Pv00000GF2HlIAL",,,,,,,,,,,,,,,,,,,,,,,,,,,,,,,,,,,,,,,,,,,,,,
"a24Nz000001e353IAA","Active","800Pv00000G55WCIAZ",,,,,,,,,,,,,,,,,,,,,,,,,,,,,,,,,,,,,,,,,,,,,,
"a24Nz000001mKa9IAE","Active","800Pv00000GF0ZSIA1","800Pv00000G4zaQIAR",,,,,,,,,,,,,,,,,,,,,,,,,,,,,,,,,,,,,,,,,,,,,
"a24Nz000001nQQbIAM","Active","800Pv00000GF1byIAD",,,,,,,,,,,,,,,,,,,,,,,,,,,,,,,,,,,,,,,,,,,,,,
"a24Nz000001eeivIAA","Active","800Pv00000GEtE7IAL","800Pv00000G4sQnIAJ",,,,,,,,,,,,,,,,,,,,,,,,,,,,,,,,,,,,,,,,,,,,,
"a24Nz000001m1O6IAI","Active","800Pv00000GF2KQIA1",,,,,,,,,,,,,,,,,,,,,,,,,,,,,,,,,,,,,,,,,,,,,,
"a24Nz000001iCbFIAU","Active","800Pv00000G4zX5IAJ",,,,,,,,,,,,,,,,,,,,,,,,,,,,,,,,,,,,,,,,,,,,,,
"a24Nz000001lD4TIAU","Active","800Pv00000G55WVIAZ",,,,,,,,,,,,,,,,,,,,,,,,,,,,,,,,,,,,,,,,,,,,,,
"a24Nz000001c5pJIAQ","Active","800Pv00000GEvj0IAD",,,,,,,,,,,,,,,,,,,,,,,,,,,,,,,,,,,,,,,,,,,,,,
"a24Nz000001l7NFIAY","Active","800Pv00000GExN5IAL",,,,,,,,,,,,,,,,,,,,,,,,,,,,,,,,,,,,,,,,,,,,,,
"a24Nz000001YWL3IAO","Active","800Pv00000GF2VEIA1",,,,,,,,,,,,,,,,,,,,,,,,,,,,,,,,,,,,,,,,,,,,,,
"a24Nz000001dAOjIAM","Active","800Pv00000G55YLIAZ",,,,,,,,,,,,,,,,,,,,,,,,,,,,,,,,,,,,,,,,,,,,,,
"a24Nz000001LqPdIAK","Active","800Pv00000G55kdIAB",,,,,,,,,,,,,,,,,,,,,,,,,,,,,,,,,,,,,,,,,,,,,,
"a24Nz000001H3CDIA0","Active","800Pv00000GF1afIAD",,,,,,,,,,,,,,,,,,,,,,,,,,,,,,,,,,,,,,,,,,,,,,
"a24Nz000001OQ7FIAW","Active","800Pv00000G4uhYIAR",,,,,,,,,,,,,,,,,,,,,,,,,,,,,,,,,,,,,,,,,,,,,,
"a24Nz000001F7BtIAK","Active","800Pv00000G53zMIAR",,,,,,,,,,,,,,,,,,,,,,,,,,,,,,,,,,,,,,,,,,,,,,
"a24Nz000001dyLVIAY","Active","800Pv00000GEzrzIAD",,,,,,,,,,,,,,,,,,,,,,,,,,,,,,,,,,,,,,,,,,,,,,
"a24Nz000001oklRIAQ","Active","800Pv00000GF3WkIAL",,,,,,,,,,,,,,,,,,,,,,,,,,,,,,,,,,,,,,,,,,,,,,
"a24Nz000001dcrFIAQ","Active","800Pv00000G4tp3IAB",,,,,,,,,,,,,,,,,,,,,,,,,,,,,,,,,,,,,,,,,,,,,,
"a24Nz000001UcVVIA0","Active","800Pv00000GF2HyIAL",,,,,,,,,,,,,,,,,,,,,,,,,,,,,,,,,,,,,,,,,,,,,,
"a24Nz000001iIQTIA2","Active","800Pv00000GF1I9IAL",,,,,,,,,,,,,,,,,,,,,,,,,,,,,,,,,,,,,,,,,,,,,,
"a24Nz000001qGHpIAM","Active","800Pv00000GF1fxIAD",,,,,,,,,,,,,,,,,,,,,,,,,,,,,,,,,,,,,,,,,,,,,,
"a24Nz000001jtNxIAI","Active","800Pv00000G4toRIAR",,,,,,,,,,,,,,,,,,,,,,,,,,,,,,,,,,,,,,,,,,,,,,
"a24Nz000001ag9pIAA","Active","800Pv00000GExbCIAT",,,,,,,,,,,,,,,,,,,,,,,,,,,,,,,,,,,,,,,,,,,,,,
"a24Nz000001aWGvIAM","Active","800Pv00000G51M5IAJ",,,,,,,,,,,,,,,,,,,,,,,,,,,,,,,,,,,,,,,,,,,,,,
"a24Nz000001AnbZIAS","Active","800Pv00000GF2dDIAT",,,,,,,,,,,,,,,,,,,,,,,,,,,,,,,,,,,,,,,,,,,,,,
"a24Nz000001nbKPIAY","Active","800Pv00000G4rZWIAZ",,,,,,,,,,,,,,,,,,,,,,,,,,,,,,,,,,,,,,,,,,,,,,
"a24Nz000001dmXFIAY","Active","800Pv00000GF3P9IAL","800Pv00000G54GqIAJ",,,,,,,,,,,,,,,,,,,,,,,,,,,,,,,,,,,,,,,,,,,,,
"a24Nz000001brxdIAA","Active","800Pv00000GEz7xIAD",,,,,,,,,,,,,,,,,,,,,,,,,,,,,,,,,,,,,,,,,,,,,,
"a24Nz000001oWDpIAM","Active","800Pv00000GF2vlIAD",,,,,,,,,,,,,,,,,,,,,,,,,,,,,,,,,,,,,,,,,,,,,,
"a24Nz000001AzODIA0","Active","800Pv00000G4zaKIAR",,,,,,,,,,,,,,,,,,,,,,,,,,,,,,,,,,,,,,,,,,,,,,
"a24Nz000001hs1NIAQ","Active","800Pv00000G4zIJIAZ",,,,,,,,,,,,,,,,,,,,,,,,,,,,,,,,,,,,,,,,,,,,,,
"a24Nz000001hWyXIAU","Active","800Pv00000GF36BIAT",,,,,,,,,,,,,,,,,,,,,,,,,,,,,,,,,,,,,,,,,,,,,,
"a24Nz000001mFvRIAU","Active","800Pv00000G4zaQIAR",,,,,,,,,,,,,,,,,,,,,,,,,,,,,,,,,,,,,,,,,,,,,,
"a24Nz000001nPRJIA2","Active","800Pv00000G4xt0IAB",,,,,,,,,,,,,,,,,,,,,,,,,,,,,,,,,,,,,,,,,,,,,,
"a24Nz000001VnYXIA0","Active","800Pv00000GF1fQIAT",,,,,,,,,,,,,,,,,,,,,,,,,,,,,,,,,,,,,,,,,,,,,,
"a24Nz000001j0WLIAY","Active","800Pv00000G55Z1IAJ",,,,,,,,,,,,,,,,,,,,,,,,,,,,,,,,,,,,,,,,,,,,,,
"a24Nz000001oDBBIA2","Active","800Pv00000GF3awIAD","800Pv00000G4zooIAB",,,,,,,,,,,,,,,,,,,,,,,,,,,,,,,,,,,,,,,,,,,,,
"a24Nz000001lBfNIAU","Active","800Pv00000GF2AOIA1",,,,,,,,,,,,,,,,,,,,,,,,,,,,,,,,,,,,,,,,,,,,,,
"a24Nz000001k4jBIAQ","Active","800Pv00000GEvidIAD","800Pv00000G4zXRIAZ",,,,,,,,,,,,,,,,,,,,,,,,,,,,,,,,,,,,,,,,,,,,,
"a24Nz000001VeOnIAK","Active","800Pv00000GF0JlIAL",,,,,,,,,,,,,,,,,,,,,,,,,,,,,,,,,,,,,,,,,,,,,,
"a24Pv000004HYnlIAG","Active","800Pv00000G56rkIAB",,,,,,,,,,,,,,,,,,,,,,,,,,,,,,,,,,,,,,,,,,,,,,
"a24Nz000001VKRhIAO","Active","800Pv00000G4x1sIAB",,,,,,,,,,,,,,,,,,,,,,,,,,,,,,,,,,,,,,,,,,,,,,
"a24Nz000001diNBIAY","Active","800Pv00000G4okGIAR",,,,,,,,,,,,,,,,,,,,,,,,,,,,,,,,,,,,,,,,,,,,,,
"a24Nz000001mN6bIAE","Active","800Pv00000GEuJrIAL",,,,,,,,,,,,,,,,,,,,,,,,,,,,,,,,,,,,,,,,,,,,,,
"a24Nz000001VqMjIAK","Active","800Pv00000G53z1IAB",,,,,,,,,,,,,,,,,,,,,,,,,,,,,,,,,,,,,,,,,,,,,,
"a24Nz000001L4w5IAC","Active","800Pv00000G53zKIAR",,,,,,,,,,,,,,,,,,,,,,,,,,,,,,,,,,,,,,,,,,,,,,
"a24Nz000001pPOnIAM","Active","800Pv00000G4raCIAR",,,,,,,,,,,,,,,,,,,,,,,,,,,,,,,,,,,,,,,,,,,,,,
"a24Nz000001K7T0IAK","Active","800Pv00000G4xsdIAB",,,,,,,,,,,,,,,,,,,,,,,,,,,,,,,,,,,,,,,,,,,,,,
"a24Nz000001VJAfIAO","Active","800Pv00000G4uhHIAR",,,,,,,,,,,,,,,,,,,,,,,,,,,,,,,,,,,,,,,,,,,,,,
"a24Nz000001WU0nIAG","Active","800Pv00000GExNAIA1",,,,,,,,,,,,,,,,,,,,,,,,,,,,,,,,,,,,,,,,,,,,,,
"a24Nz000001UdZdIAK","Active","800Pv00000G55kgIAB",,,,,,,,,,,,,,,,,,,,,,,,,,,,,,,,,,,,,,,,,,,,,,
"a24Nz000001gZATIA2","Active","800Pv00000GF3R5IAL",,,,,,,,,,,,,,,,,,,,,,,,,,,,,,,,,,,,,,,,,,,,,,
"a24Nz000001kkQfIAI","Active","800Pv00000G53abIAB","800Pv00000G4xrmIAB",,,,,,,,,,,,,,,,,,,,,,,,,,,,,,,,,,,,,,,,,,,,,
"a24Nz000001T6avIAC","Active","800Pv00000GEz7cIAD","800Pv00000G4tp9IAB",,,,,,,,,,,,,,,,,,,,,,,,,,,,,,,,,,,,,,,,,,,,,
"a24Nz000001ebMrIAI","Active","800Pv00000G51MUIAZ",,,,,,,,,,,,,,,,,,,,,,,,,,,,,,,,,,,,,,,,,,,,,,
"a24Nz000001ekDFIAY","Active","800Pv00000GF36DIAT",,,,,,,,,,,,,,,,,,,,,,,,,,,,,,,,,,,,,,,,,,,,,,
"a24Nz000001S2BBIA0","Active","800Pv00000G55p8IAB",,,,,,,,,,,,,,,,,,,,,,,,,,,,,,,,,,,,,,,,,,,,,,
"a24Nz000001a2acIAA","Active","800Pv00000G4ySrIAJ",,,,,,,,,,,,,,,,,,,,,,,,,,,,,,,,,,,,,,,,,,,,,,
"a24Nz000001lu1NIAQ","Active","800Pv00000G4uh9IAB",,,,,,,,,,,,,,,,,,,,,,,,,,,,,,,,,,,,,,,,,,,,,,
"a24Nz000001plltIAA","Active","800Pv00000G4zX6IAJ",,,,,,,,,,,,,,,,,,,,,,,,,,,,,,,,,,,,,,,,,,,,,,
"a24Nz000001Z8VBIA0","Active","800Pv00000GF3OyIAL",,,,,,,,,,,,,,,,,,,,,,,,,,,,,,,,,,,,,,,,,,,,,,
"a24Nz000001dCojIAE","Active","800Pv00000GEz6IIAT",,,,,,,,,,,,,,,,,,,,,,,,,,,,,,,,,,,,,,,,,,,,,,
"a24Nz000001bb1dIAA","Active","800Pv00000GF1fnIAD",,,,,,,,,,,,,,,,,,,,,,,,,,,,,,,,,,,,,,,,,,,,,,
"a24Nz000001Ve5RIAS","Active","800Pv00000GF0JfIAL",,,,,,,,,,,,,,,,,,,,,,,,,,,,,,,,,,,,,,,,,,,,,,
"a24Nz000001pj0wIAA","Active","800Pv00000GF2jaIAD",,,,,,,,,,,,,,,,,,,,,,,,,,,,,,,,,,,,,,,,,,,,,,
"a24Nz000001eRwzIAE","Active","800Pv00000G53fQIAR",,,,,,,,,,,,,,,,,,,,,,,,,,,,,,,,,,,,,,,,,,,,,,
"a24Nz000001bLphIAE","Active","800Pv00000G4uhrIAB",,,,,,,,,,,,,,,,,,,,,,,,,,,,,,,,,,,,,,,,,,,,,,
"a24Nz000001d5daIAA","Active","800Pv00000GEvmcIAD",,,,,,,,,,,,,,,,,,,,,,,,,,,,,,,,,,,,,,,,,,,,,,
"a24Nz000001jobBIAQ","Active","800Pv00000G4uh2IAB",,,,,,,,,,,,,,,,,,,,,,,,,,,,,,,,,,,,,,,,,,,,,,
"a24Nz000001qDtRIAU","Active","800Pv00000GExMiIAL",,,,,,,,,,,,,,,,,,,,,,,,,,,,,,,,,,,,,,,,,,,,,,
"a24Nz000001ohyrIAA","Active","800Pv00000GF1QzIAL",,,,,,,,,,,,,,,,,,,,,,,,,,,,,,,,,,,,,,,,,,,,,,
"a24Nz000001iCWLIA2","Active","800Pv00000GEqVvIAL",,,,,,,,,,,,,,,,,,,,,,,,,,,,,,,,,,,,,,,,,,,,,,
"a24Nz000001bbxhIAA","Active","800Pv00000GF3OsIAL",,,,,,,,,,,,,,,,,,,,,,,,,,,,,,,,,,,,,,,,,,,,,,
"a24Nz000001kkosIAA","Active","800Pv00000GF0YdIAL",,,,,,,,,,,,,,,,,,,,,,,,,,,,,,,,,,,,,,,,,,,,,,
"a24Nz0000012qtBIAQ","Active","800Pv00000G4vouIAB",,,,,,,,,,,,,,,,,,,,,,,,,,,,,,,,,,,,,,,,,,,,,,
"a24Nz000001iHhJIAU","Active","800Pv00000GF2BdIAL",,,,,,,,,,,,,,,,,,,,,,,,,,,,,,,,,,,,,,,,,,,,,,
"a24Nz000001d8WbIAI","Active","800Pv00000G4tpQIAR",,,,,,,,,,,,,,,,,,,,,,,,,,,,,,,,,,,,,,,,,,,,,,
"a24Nz000001dwy1IAA","Active","800Pv00000G55pmIAB",,,,,,,,,,,,,,,,,,,,,,,,,,,,,,,,,,,,,,,,,,,,,,
"a24Nz000001dIe1IAE","Active","800Pv00000G4zpMIAR",,,,,,,,,,,,,,,,,,,,,,,,,,,,,,,,,,,,,,,,,,,,,,
"a24Nz000001ohFhIAI","Active","800Pv00000G4r6JIAR",,,,,,,,,,,,,,,,,,,,,,,,,,,,,,,,,,,,,,,,,,,,,,
"a24Nz000001dDrFIAU","Active","800Pv00000G4zosIAB",,,,,,,,,,,,,,,,,,,,,,,,,,,,,,,,,,,,,,,,,,,,,,
"a24Nz000001YB0TIAW","Active","800Pv00000G55VxIAJ",,,,,,,,,,,,,,,,,,,,,,,,,,,,,,,,,,,,,,,,,,,,,,
"a24Nz000001ngTlIAI","Active","800Pv00000G4r6NIAR",,,,,,,,,,,,,,,,,,,,,,,,,,,,,,,,,,,,,,,,,,,,,,
"a24Nz000001cfzFIAQ","Active","800Pv00000GEzy4IAD",,,,,,,,,,,,,,,,,,,,,,,,,,,,,,,,,,,,,,,,,,,,,,
"a24Nz000001HlWbIAK","Active","800Pv00000G4xs6IAB",,,,,,,,,,,,,,,,,,,,,,,,,,,,,,,,,,,,,,,,,,,,,,
"a24Nz000001MVr0IAG","Active","800Pv00000G4zopIAB",,,,,,,,,,,,,,,,,,,,,,,,,,,,,,,,,,,,,,,,,,,,,,
"a24Nz000001k0CXIAY","Active","800Pv00000G4sRUIAZ",,,,,,,,,,,,,,,,,,,,,,,,,,,,,,,,,,,,,,,,,,,,,,
"a24Nz000001mUrFIAU","Active","800Pv00000GF1PjIAL","800Pv00000GF3MKIA1",,,,,,,,,,,,,,,,,,,,,,,,,,,,,,,,,,,,,,,,,,,,,
"a24Nz000001mOvVIAU","Active","800Pv00000G4r6gIAB",,,,,,,,,,,,,,,,,,,,,,,,,,,,,,,,,,,,,,,,,,,,,,
"a24Nz000001nMWiIAM","Active","800Pv00000GEuZKIA1",,,,,,,,,,,,,,,,,,,,,,,,,,,,,,,,,,,,,,,,,,,,,,
"a24Nz000001deLBIAY","Active","800Pv00000G53zpIAB",,,,,,,,,,,,,,,,,,,,,,,,,,,,,,,,,,,,,,,,,,,,,,
"a24Pv000003Xg0LIAS","Active","800Pv00000G56eNIAR",,,,,,,,,,,,,,,,,,,,,,,,,,,,,,,,,,,,,,,,,,,,,,
"a24Nz000001h0qbIAA","Active","800Pv00000GF2PcIAL",,,,,,,,,,,,,,,,,,,,,,,,,,,,,,,,,,,,,,,,,,,,,,
"a24Nz000001dEIfIAM","Active","800Pv00000G54H8IAJ",,,,,,,,,,,,,,,,,,,,,,,,,,,,,,,,,,,,,,,,,,,,,,
"a24Nz000001FAEcIAO","Active","800Pv00000G53zsIAB",,,,,,,,,,,,,,,,,,,,,,,,,,,,,,,,,,,,,,,,,,,,,,
"a24Nz000001ju3tIAA","Active","800Pv00000GEzS9IAL",,,,,,,,,,,,,,,,,,,,,,,,,,,,,,,,,,,,,,,,,,,,,,
"a24Nz000001f6aLIAQ","Active","800Pv00000G56q6IAB",,,,,,,,,,,,,,,,,,,,,,,,,,,,,,,,,,,,,,,,,,,,,,
"a24Nz000001M11hIAC","Active","800Pv00000Fztf9IAB",,,,,,,,,,,,,,,,,,,,,,,,,,,,,,,,,,,,,,,,,,,,,,
"a24Nz000001TvqMIAS","Active","800Pv00000G4uhZIAR",,,,,,,,,,,,,,,,,,,,,,,,,,,,,,,,,,,,,,,,,,,,,,
"a24Nz000001kks5IAA","Active","800Pv00000G4raNIAR",,,,,,,,,,,,,,,,,,,,,,,,,,,,,,,,,,,,,,,,,,,,,,
"a24Nz000001NcSDIA0","Active","800Pv00000GEvzxIAD",,,,,,,,,,,,,,,,,,,,,,,,,,,,,,,,,,,,,,,,,,,,,,
"a24Nz000001UWTJIA4","Active","800Pv00000G4toxIAB",,,,,,,,,,,,,,,,,,,,,,,,,,,,,,,,,,,,,,,,,,,,,,
"a24Nz000001mr7tIAA","Active","800Pv00000G53zXIAR",,,,,,,,,,,,,,,,,,,,,,,,,,,,,,,,,,,,,,,,,,,,,,
"a24Nz000001omVVIAY","Active","800Pv00000G53fTIAR",,,,,,,,,,,,,,,,,,,,,,,,,,,,,,,,,,,,,,,,,,,,,,
"a24Nz000001bghFIAQ","Active","800Pv00000G4zoXIAR",,,,,,,,,,,,,,,,,,,,,,,,,,,,,,,,,,,,,,,,,,,,,,
"a24Nz000001YQVlIAO","Active","800Pv00000GF13bIAD",,,,,,,,,,,,,,,,,,,,,,,,,,,,,,,,,,,,,,,,,,,,,,
"a24Nz000001bWgHIAU","Active","800Pv00000G4ysdIAB",,,,,,,,,,,,,,,,,,,,,,,,,,,,,,,,,,,,,,,,,,,,,,
"a24Nz000000lWVuIAM","Active","800Pv00000G55p7IAB",,,,,,,,,,,,,,,,,,,,,,,,,,,,,,,,,,,,,,,,,,,,,,
"a24Nz000001k6RdIAI","Active","800Pv00000GEu3yIAD",,,,,,,,,,,,,,,,,,,,,,,,,,,,,,,,,,,,,,,,,,,,,,
"a24Nz000001klTBIAY","Active","800Pv00000GEnlqIAD","800Pv00000G4r7GIAR",,,,,,,,,,,,,,,,,,,,,,,,,,,,,,,,,,,,,,,,,,,,,
"a24Nz000001aQQ1IAM","Active","800Pv00000G4vcPIAR",,,,,,,,,,,,,,,,,,,,,,,,,,,,,,,,,,,,,,,,,,,,,,
"a24Nz000001UB77IAG","Active","800Pv00000G4uhKIAR",,,,,,,,,,,,,,,,,,,,,,,,,,,,,,,,,,,,,,,,,,,,,,
"a24Nz000001pfGgIAI","Active","800Pv00000G4raIIAR",,,,,,,,,,,,,,,,,,,,,,,,,,,,,,,,,,,,,,,,,,,,,,
"a24Nz000001QhrxIAC","Active","800Pv00000G4toBIAR",,,,,,,,,,,,,,,,,,,,,,,,,,,,,,,,,,,,,,,,,,,,,,
"a24Nz000001pOyzIAE","Active","800Pv00000GExUJIA1",,,,,,,,,,,,,,,,,,,,,,,,,,,,,,,,,,,,,,,,,,,,,,
"a24Nz000001OgwnIAC","Active","800Pv00000GF1asIAD","800Pv00000G4tozIAB",,,,,,,,,,,,,,,,,,,,,,,,,,,,,,,,,,,,,,,,,,,,,
"a24Nz000001DPmPIAW","Active","800Pv00000GF3VFIA1",,,,,,,,,,,,,,,,,,,,,,,,,,,,,,,,,,,,,,,,,,,,,,
"a24Nz000001NFnNIAW","Active","800Pv00000GExUAIA1",,,,,,,,,,,,,,,,,,,,,,,,,,,,,,,,,,,,,,,,,,,,,,
"a24Nz000001T2ibIAC","Active","800Pv00000GF0ZPIA1","800Pv00000G4zaSIAR",,,,,,,,,,,,,,,,,,,,,,,,,,,,,,,,,,,,,,,,,,,,,
"a24Nz000001imjVIAQ","Active","800Pv00000GF1bzIAD",,,,,,,,,,,,,,,,,,,,,,,,,,,,,,,,,,,,,,,,,,,,,,
"a24Nz000000kYOTIA2","Active","800Pv00000G4toAIAR",,,,,,,,,,,,,,,,,,,,,,,,,,,,,,,,,,,,,,,,,,,,,,
"a24Nz000001pRwrIAE","Active","800Pv00000G55WbIAJ","800Pv00000G55WEIAZ",,,,,,,,,,,,,,,,,,,,,,,,,,,,,,,,,,,,,,,,,,,,,
"a24Nz000001S37FIAS","Active","800Pv00000GEnlTIAT","800Pv00000GF29CIAT",,,,,,,,,,,,,,,,,,,,,,,,,,,,,,,,,,,,,,,,,,,,,
"a24Nz000001ey6XIAQ","Active","800Pv00000G4zIHIAZ",,,,,,,,,,,,,,,,,,,,,,,,,,,,,,,,,,,,,,,,,,,,,,
"a24Nz000001b2yLIAQ","Active","800Pv00000GEyzWIAT",,,,,,,,,,,,,,,,,,,,,,,,,,,,,,,,,,,,,,,,,,,,,,
"a24Nz000001ZrYjIAK","Active","800Pv00000G4zpVIAR",,,,,,,,,,,,,,,,,,,,,,,,,,,,,,,,,,,,,,,,,,,,,,
"a24Pv000005XsmjIAC","Active","800Pv00000GExXdIAL",,,,,,,,,,,,,,,,,,,,,,,,,,,,,,,,,,,,,,,,,,,,,,
"a24Nz000001aau1IAA","Active","800Pv00000G4x0yIAB",,,,,,,,,,,,,,,,,,,,,,,,,,,,,,,,,,,,,,,,,,,,,,
"a24Nz000001gscyIAA","Active","800Pv00000GExU9IAL",,,,,,,,,,,,,,,,,,,,,,,,,,,,,,,,,,,,,,,,,,,,,,
"a24Nz000001qF8rIAE","Active","800Pv00000G55pgIAB",,,,,,,,,,,,,,,,,,,,,,,,,,,,,,,,,,,,,,,,,,,,,,
"a24Nz000001SoirIAC","Active","800Pv00000GF0IsIAL",,,,,,,,,,,,,,,,,,,,,,,,,,,,,,,,,,,,,,,,,,,,,,
"a24Nz000001XrkvIAC","Active","800Pv00000G4raVIAR",,,,,,,,,,,,,,,,,,,,,,,,,,,,,,,,,,,,,,,,,,,,,,
"a24Nz000001pnHRIAY","Active","800Pv00000G4r7WIAR",,,,,,,,,,,,,,,,,,,,,,,,,,,,,,,,,,,,,,,,,,,,,,
"a24Nz000001M6CfIAK","Active","800Pv00000G4vcUIAR",,,,,,,,,,,,,,,,,,,,,,,,,,,,,,,,,,,,,,,,,,,,,,
"a24Nz000001nyqTIAQ","Active","800Pv00000GEz0RIAT","800Pv00000G51aVIAR",,,,,,,,,,,,,,,,,,,,,,,,,,,,,,,,,,,,,,,,,,,,,
"a24Nz000001nObhIAE","Active","800Pv00000G4toWIAR",,,,,,,,,,,,,,,,,,,,,,,,,,,,,,,,,,,,,,,,,,,,,,
"a24Nz000001Zpn3IAC","Active","800Pv00000G4toeIAB",,,,,,,,,,,,,,,,,,,,,,,,,,,,,,,,,,,,,,,,,,,,,,
"a24Nz000001dG2jIAE","Active","800Pv00000G4toJIAR",,,,,,,,,,,,,,,,,,,,,,,,,,,,,,,,,,,,,,,,,,,,,,
"a24Nz000001mKrtIAE","Active","800Pv00000G4vc4IAB",,,,,,,,,,,,,,,,,,,,,,,,,,,,,,,,,,,,,,,,,,,,,,
"a24Nz000001bowXIAQ","Active","800Pv00000G53DbIAJ",,,,,,,,,,,,,,,,,,,,,,,,,,,,,,,,,,,,,,,,,,,,,,
"a24Nz000001kMZdIAM","Active","800Pv00000FzptCIAR",,,,,,,,,,,,,,,,,,,,,,,,,,,,,,,,,,,,,,,,,,,,,,
"a24Nz000001HwF7IAK","Active","800Pv00000G4toVIAR",,,,,,,,,,,,,,,,,,,,,,,,,,,,,,,,,,,,,,,,,,,,,,
"a24Nz000001UWt7IAG","Active","800Pv00000GEuaQIAT",,,,,,,,,,,,,,,,,,,,,,,,,,,,,,,,,,,,,,,,,,,,,,
"a24Nz000001dEAbIAM","Active","800Pv00000G4znHIAR",,,,,,,,,,,,,,,,,,,,,,,,,,,,,,,,,,,,,,,,,,,,,,
"a24Nz000001dzizIAA","Active","800Pv00000G4ySgIAJ",,,,,,,,,,,,,,,,,,,,,,,,,,,,,,,,,,,,,,,,,,,,,,
"a24Nz000001iAzBIAU","Active","800Pv00000G4r7CIAR",,,,,,,,,,,,,,,,,,,,,,,,,,,,,,,,,,,,,,,,,,,,,,
"a24Nz000001hUQTIA2","Active","800Pv00000G4toZIAR",,,,,,,,,,,,,,,,,,,,,,,,,,,,,,,,,,,,,,,,,,,,,,
"a24Nz000001VYCvIAO","Active","800Pv00000GErRaIAL",,,,,,,,,,,,,,,,,,,,,,,,,,,,,,,,,,,,,,,,,,,,,,
"a24Nz000001iQSrIAM","Active","800Pv00000G52gUIAR",,,,,,,,,,,,,,,,,,,,,,,,,,,,,,,,,,,,,,,,,,,,,,
"a24Nz000001T6vtIAC","Active","800Pv00000GEqWFIA1",,,,,,,,,,,,,,,,,,,,,,,,,,,,,,,,,,,,,,,,,,,,,,
"a24Nz000001ffjNIAQ","Active","800Pv00000GEvjFIAT",,,,,,,,,,,,,,,,,,,,,,,,,,,,,,,,,,,,,,,,,,,,,,
"a24Nz000001hdAPIAY","Active","800Pv00000G4voRIAR",,,,,,,,,,,,,,,,,,,,,,,,,,,,,,,,,,,,,,,,,,,,,,
"a24Nz000001LpuzIAC","Active","800Pv00000GF1IiIAL",,,,,,,,,,,,,,,,,,,,,,,,,,,,,,,,,,,,,,,,,,,,,,
"a24Nz000001aEFCIA2","Active","800Pv00000G55pFIAR",,,,,,,,,,,,,,,,,,,,,,,,,,,,,,,,,,,,,,,,,,,,,,
"a24Nz000001eYgjIAE","Active","800Pv00000G4x1LIAR",,,,,,,,,,,,,,,,,,,,,,,,,,,,,,,,,,,,,,,,,,,,,,
"a24Nz000001UiMPIA0","Active","800Pv00000G4zaUIAR",,,,,,,,,,,,,,,,,,,,,,,,,,,,,,,,,,,,,,,,,,,,,,
"a24Nz000001mLHhIAM","Active","800Pv00000G4znVIAR",,,,,,,,,,,,,,,,,,,,,,,,,,,,,,,,,,,,,,,,,,,,,,
"a24Nz000001XuR3IAK","Active","800Pv00000GF2AmIAL",,,,,,,,,,,,,,,,,,,,,,,,,,,,,,,,,,,,,,,,,,,,,,
"a24Nz000001VdKfIAK","Active","800Pv00000G54H4IAJ",,,,,,,,,,,,,,,,,,,,,,,,,,,,,,,,,,,,,,,,,,,,,,
"a24Nz000001nh4rIAA","Active","800Pv00000G54H0IAJ",,,,,,,,,,,,,,,,,,,,,,,,,,,,,,,,,,,,,,,,,,,,,,
"a24Nz000001hX6bIAE","Active","800Pv00000G4rabIAB",,,,,,,,,,,,,,,,,,,,,,,,,,,,,,,,,,,,,,,,,,,,,,
"a24Nz000001LuxuIAC","Active","800Pv00000G4zpkIAB",,,,,,,,,,,,,,,,,,,,,,,,,,,,,,,,,,,,,,,,,,,,,,
"a24Nz000001h46DIAQ","Active","800Pv00000GEqWCIA1",,,,,,,,,,,,,,,,,,,,,,,,,,,,,,,,,,,,,,,,,,,,,,
"a24Nz000001lDu5IAE","Active","800Pv00000G4x1GIAR",,,,,,,,,,,,,,,,,,,,,,,,,,,,,,,,,,,,,,,,,,,,,,
"a24Nz000001jmeDIAQ","Active","800Pv00000GF1rFIAT",,,,,,,,,,,,,,,,,,,,,,,,,,,,,,,,,,,,,,,,,,,,,,
"a24Nz000001i6AnIAI","Active","800Pv00000G4yT7IAJ",,,,,,,,,,,,,,,,,,,,,,,,,,,,,,,,,,,,,,,,,,,,,,
"a24Nz000001LKXpIAO","Active","800Pv00000GF2PFIA1",,,,,,,,,,,,,,,,,,,,,,,,,,,,,,,,,,,,,,,,,,,,,,
"a24Nz000001ipxVIAQ","Active","800Pv00000GF3QCIA1",,,,,,,,,,,,,,,,,,,,,,,,,,,,,,,,,,,,,,,,,,,,,,
"a24Pv000003XfpGIAS","Active","800Pv00000G57i4IAB",,,,,,,,,,,,,,,,,,,,,,,,,,,,,,,,,,,,,,,,,,,,,,
"a24Pv000005XnyLIAS","Active","800Pv00000EveGpIAJ",,,,,,,,,,,,,,,,,,,,,,,,,,,,,,,,,,,,,,,,,,,,,,
"a24Nz000001e0OvIAI","Active","800Pv00000GF3OgIAL",,,,,,,,,,,,,,,,,,,,,,,,,,,,,,,,,,,,,,,,,,,,,,
"a24Nz000001Ye45IAC","Active","800Pv00000G55W2IAJ",,,,,,,,,,,,,,,,,,,,,,,,,,,,,,,,,,,,,,,,,,,,,,
"a24Nz000001nNPVIA2","Active","800Pv00000G4sQtIAJ",,,,,,,,,,,,,,,,,,,,,,,,,,,,,,,,,,,,,,,,,,,,,,
"a24Nz000001Hve3IAC","Active","800Pv00000G53zGIAR",,,,,,,,,,,,,,,,,,,,,,,,,,,,,,,,,,,,,,,,,,,,,,
"a24Nz000001phNJIAY","Active","800Pv00000G4to7IAB",,,,,,,,,,,,,,,,,,,,,,,,,,,,,,,,,,,,,,,,,,,,,,
"a24Nz000001fooIIAQ","Active","800Pv00000GEz7zIAD",,,,,,,,,,,,,,,,,,,,,,,,,,,,,,,,,,,,,,,,,,,,,,
"a24Pv000002ShfBIAS","Active","800Pv00000GF2BKIA1",,,,,,,,,,,,,,,,,,,,,,,,,,,,,,,,,,,,,,,,,,,,,,
"a24Nz000001h3EzIAI","Active","800Pv00000GEqWEIA1","800Pv00000GEqWCIA1",,,,,,,,,,,,,,,,,,,,,,,,,,,,,,,,,,,,,,,,,,,,,
"a24Nz000001qGBNIA2","Active","800Pv00000G4zWwIAJ",,,,,,,,,,,,,,,,,,,,,,,,,,,,,,,,,,,,,,,,,,,,,,
"a24Nz000001prcnIAA","Active","800Pv00000GExUyIAL","800Pv00000G53azIAB",,,,,,,,,,,,,,,,,,,,,,,,,,,,,,,,,,,,,,,,,,,,,
"a24Nz000001bgHRIAY","Active","800Pv00000G54H6IAJ",,,,,,,,,,,,,,,,,,,,,,,,,,,,,,,,,,,,,,,,,,,,,,
"a24Nz000001pligIAA","Active","800Pv00000G4rZcIAJ",,,,,,,,,,,,,,,,,,,,,,,,,,,,,,,,,,,,,,,,,,,,,,
"a24Nz000001VaQ1IAK","Active","800Pv00000GF0JmIAL",,,,,,,,,,,,,,,,,,,,,,,,,,,,,,,,,,,,,,,,,,,,,,
"a24Nz000001YfY1IAK","Active","800Pv00000GF2A3IAL",,,,,,,,,,,,,,,,,,,,,,,,,,,,,,,,,,,,,,,,,,,,,,
"a24Nz000001UZiwIAG","Active","800Pv00000GF3WIIA1",,,,,,,,,,,,,,,,,,,,,,,,,,,,,,,,,,,,,,,,,,,,,,
"a24Nz000000xAhkIAE","Active","800Pv00000G55qUIAR",,,,,,,,,,,,,,,,,,,,,,,,,,,,,,,,,,,,,,,,,,,,,,
"a24Nz000000xIXBIA2","Active","800Pv00000GEvoMIAT",,,,,,,,,,,,,,,,,,,,,,,,,,,,,,,,,,,,,,,,,,,,,,
"a24Nz000001lvNFIAY","Active","800Pv00000GF09MIAT","800Pv00000GF099IAD",,,,,,,,,,,,,,,,,,,,,,,,,,,,,,,,,,,,,,,,,,,,,
"a24Nz000001Tq5tIAC","Active","800Pv00000G4torIAB",,,,,,,,,,,,,,,,,,,,,,,,,,,,,,,,,,,,,,,,,,,,,,
"a24Nz000001kh7pIAA","Active","800Pv00000G4vbFIAR",,,,,,,,,,,,,,,,,,,,,,,,,,,,,,,,,,,,,,,,,,,,,,
"a24Nz000001UiHZIA0","Active","800Pv00000GEz2IIAT",,,,,,,,,,,,,,,,,,,,,,,,,,,,,,,,,,,,,,,,,,,,,,
"a24Nz000001XKvRIAW","Active","800Pv00000G53zTIAR",,,,,,,,,,,,,,,,,,,,,,,,,,,,,,,,,,,,,,,,,,,,,,
"a24Nz000001pqf9IAA","Active","800Pv00000G4x10IAB",,,,,,,,,,,,,,,,,,,,,,,,,,,,,,,,,,,,,,,,,,,,,,
"a24Nz000001i8anIAA","Active","800Pv00000G4raUIAR",,,,,,,,,,,,,,,,,,,,,,,,,,,,,,,,,,,,,,,,,,,,,,
"a24Nz000001RChFIAW","Active","800Pv00000G4x19IAB",,,,,,,,,,,,,,,,,,,,,,,,,,,,,,,,,,,,,,,,,,,,,,
"a24Nz000001J56fIAC","Active","800Pv00000G4zX0IAJ",,,,,,,,,,,,,,,,,,,,,,,,,,,,,,,,,,,,,,,,,,,,,,
"a24Nz000001d9XVIAY","Active","800Pv00000G4tpOIAR",,,,,,,,,,,,,,,,,,,,,,,,,,,,,,,,,,,,,,,,,,,,,,
"a24Nz000001V57hIAC","Active","800Pv00000GEuC1IAL",,,,,,,,,,,,,,,,,,,,,,,,,,,,,,,,,,,,,,,,,,,,,,
"a24Nz000001fUuPIAU","Active","800Pv00000G4ySlIAJ",,,,,,,,,,,,,,,,,,,,,,,,,,,,,,,,,,,,,,,,,,,,,,
"a24Nz000001pmV3IAI","Active","800Pv00000G53DYIAZ",,,,,,,,,,,,,,,,,,,,,,,,,,,,,,,,,,,,,,,,,,,,,,
"a24Nz000001kSK5IAM","Active","800Pv00000G52l2IAB",,,,,,,,,,,,,,,,,,,,,,,,,,,,,,,,,,,,,,,,,,,,,,
"a24Nz000001KFqLIAW","Active","800Pv00000G53avIAB",,,,,,,,,,,,,,,,,,,,,,,,,,,,,,,,,,,,,,,,,,,,,,
"a24Nz000001NO1rIAG","Active","800Pv00000G55h0IAB",,,,,,,,,,,,,,,,,,,,,,,,,,,,,,,,,,,,,,,,,,,,,,
"a24Nz000001izK9IAI","Active","800Pv00000G51MRIAZ",,,,,,,,,,,,,,,,,,,,,,,,,,,,,,,,,,,,,,,,,,,,,,
"a24Nz000001klL7IAI","Active","800Pv00000GF29FIAT","800Pv00000GF3cnIAD",,,,,,,,,,,,,,,,,,,,,,,,,,,,,,,,,,,,,,,,,,,,,
"a24Nz000001FfVJIA0","Active","800Pv00000G4towIAB",,,,,,,,,,,,,,,,,,,,,,,,,,,,,,,,,,,,,,,,,,,,,,
"a24Nz000001GwibIAC","Pending Cancel/Close","800Pv00000G4towIAB",,,,,,,,,,,,,,,,,,,,,,,,,,,,,,,,,,,,,,,,,,,,,,
"a24Nz000001pKgrIAE","Active","800Pv00000GExXaIAL",,,,,,,,,,,,,,,,,,,,,,,,,,,,,,,,,,,,,,,,,,,,,,
"a24Nz000001jzbRIAQ","Active","800Pv00000GErS6IAL",,,,,,,,,,,,,,,,,,,,,,,,,,,,,,,,,,,,,,,,,,,,,,
"a24Nz000001gtAnIAI","Active","800Pv00000GF0opIAD",,,,,,,,,,,,,,,,,,,,,,,,,,,,,,,,,,,,,,,,,,,,,,
"a24Nz000001SYFtIAO","Active","800Pv00000G4zaSIAR",,,,,,,,,,,,,,,,,,,,,,,,,,,,,,,,,,,,,,,,,,,,,,
"a24Nz000001kLnFIAU","Active","800Pv00000GF3cnIAD",,,,,,,,,,,,,,,,,,,,,,,,,,,,,,,,,,,,,,,,,,,,,,
"a24Nz000001W1LNIA0","Active","800Pv00000G53DJIAZ",,,,,,,,,,,,,,,,,,,,,,,,,,,,,,,,,,,,,,,,,,,,,,
"a24Nz000001nabFIAQ","Active","800Pv00000GF3chIAD",,,,,,,,,,,,,,,,,,,,,,,,,,,,,,,,,,,,,,,,,,,,,,
"a24Nz000001b6U5IAI","Active","800Pv00000GF3NqIAL",,,,,,,,,,,,,,,,,,,,,,,,,,,,,,,,,,,,,,,,,,,,,,
"a24Nz000001lCMvIAM","Active","800Pv00000G54GtIAJ",,,,,,,,,,,,,,,,,,,,,,,,,,,,,,,,,,,,,,,,,,,,,,
"a24Nz000001iRlVIAU","Active","800Pv00000G53adIAB","800Pv00000G55kQIAR",,,,,,,,,,,,,,,,,,,,,,,,,,,,,,,,,,,,,,,,,,,,,
"a24Nz000001h0c5IAA","Active","800Pv00000G4znNIAR",,,,,,,,,,,,,,,,,,,,,,,,,,,,,,,,,,,,,,,,,,,,,,
"a24Nz000001afTtIAI","Active","800Pv00000G54fHIAR",,,,,,,,,,,,,,,,,,,,,,,,,,,,,,,,,,,,,,,,,,,,,,
"a24Nz000001CCb7IAG","Active","800Pv00000G4zowIAB",,,,,,,,,,,,,,,,,,,,,,,,,,,,,,,,,,,,,,,,,,,,,,
"a24Nz000001nS4DIAU","Active","800Pv00000GEkNBIA1",,,,,,,,,,,,,,,,,,,,,,,,,,,,,,,,,,,,,,,,,,,,,,
"a24Nz000001gvu9IAA","Active","800Pv00000G4xsZIAR",,,,,,,,,,,,,,,,,,,,,,,,,,,,,,,,,,,,,,,,,,,,,,
"a24Nz000001lPyTIAU","Active","800Pv00000GF0LRIA1","800Pv00000GErRyIAL",,,,,,,,,,,,,,,,,,,,,,,,,,,,,,,,,,,,,,,,,,,,,
"a24Nz000001lILtIAM","Active","800Pv00000GEuBTIA1","800Pv00000G53znIAB",,,,,,,,,,,,,,,,,,,,,,,,,,,,,,,,,,,,,,,,,,,,,
"a24Nz000001LJzxIAG","Active","800Pv00000G53CmIAJ",,,,,,,,,,,,,,,,,,,,,,,,,,,,,,,,,,,,,,,,,,,,,,
"a24Nz000001NC6LIAW","Active","800Pv00000GF3RyIAL",,,,,,,,,,,,,,,,,,,,,,,,,,,,,,,,,,,,,,,,,,,,,,
"a24Nz000001iRdRIAU","Active","800Pv00000GErRuIAL",,,,,,,,,,,,,,,,,,,,,,,,,,,,,,,,,,,,,,,,,,,,,,
"a24Nz000001GxZpIAK","Active","800Pv00000GF2CTIA1",,,,,,,,,,,,,,,,,,,,,,,,,,,,,,,,,,,,,,,,,,,,,,
"a24Nz000001WAtJIAW","Active","800Pv00000GEvj8IAD",,,,,,,,,,,,,,,,,,,,,,,,,,,,,,,,,,,,,,,,,,,,,,
"a24Nz000001Z21ZIAS","Active","800Pv00000GF0E0IAL",,,,,,,,,,,,,,,,,,,,,,,,,,,,,,,,,,,,,,,,,,,,,,
"a24Nz000001dMPtIAM","Active","800Pv00000GF2C7IAL",,,,,,,,,,,,,,,,,,,,,,,,,,,,,,,,,,,,,,,,,,,,,,
"a24Nz000001QU0HIAW","Active","800Pv00000GF1u0IAD",,,,,,,,,,,,,,,,,,,,,,,,,,,,,,,,,,,,,,,,,,,,,,
"a24Nz000001Xf0bIAC","Active","800Pv00000G4uhtIAB",,,,,,,,,,,,,,,,,,,,,,,,,,,,,,,,,,,,,,,,,,,,,,
"a24Nz000001h9IoIAI","Active","800Pv00000G4r7RIAR",,,,,,,,,,,,,,,,,,,,,,,,,,,,,,,,,,,,,,,,,,,,,,
"a24Nz000001kfsPIAQ","Active","800Pv00000G4zpoIAB",,,,,,,,,,,,,,,,,,,,,,,,,,,,,,,,,,,,,,,,,,,,,,
"a24Nz000001KrnZIAS","Active","800Pv00000GF3cjIAD",,,,,,,,,,,,,,,,,,,,,,,,,,,,,,,,,,,,,,,,,,,,,,
"a24Nz000001LscjIAC","Active","800Pv00000G53agIAB","800Pv00000G55kdIAB",,,,,,,,,,,,,,,,,,,,,,,,,,,,,,,,,,,,,,,,,,,,,
"a24Nz000001XFxNIAW","Active","800Pv00000G55YAIAZ",,,,,,,,,,,,,,,,,,,,,,,,,,,,,,,,,,,,,,,,,,,,,,
"a24Nz000001cEhJIAU","Active","800Pv00000G51MpIAJ",,,,,,,,,,,,,,,,,,,,,,,,,,,,,,,,,,,,,,,,,,,,,,
"a24Nz000001ZvFlIAK","Active","800Pv00000GF2A7IAL",,,,,,,,,,,,,,,,,,,,,,,,,,,,,,,,,,,,,,,,,,,,,,
"a24Nz000001UDGzIAO","Active","800Pv00000GEvmhIAD",,,,,,,,,,,,,,,,,,,,,,,,,,,,,,,,,,,,,,,,,,,,,,
"a24Nz000001XwB7IAK","Active","800Pv00000GEvjGIAT",,,,,,,,,,,,,,,,,,,,,,,,,,,,,,,,,,,,,,,,,,,,,,
"a24Nz000001pFcLIAU","Active","800Pv00000G4ysgIAB",,,,,,,,,,,,,,,,,,,,,,,,,,,,,,,,,,,,,,,,,,,,,,
"a24Nz000001LW7ZIAW","Active","800Pv00000G53D9IAJ",,,,,,,,,,,,,,,,,,,,,,,,,,,,,,,,,,,,,,,,,,,,,,
"a24Nz000001dCiHIAU","Active","800Pv00000GF2BNIA1",,,,,,,,,,,,,,,,,,,,,,,,,,,,,,,,,,,,,,,,,,,,,,
"a24Nz000001dDODIA2","Active","800Pv00000GF3WqIAL",,,,,,,,,,,,,,,,,,,,,,,,,,,,,,,,,,,,,,,,,,,,,,
"a24Nz000001jhMnIAI","Active","800Pv00000G4vodIAB",,,,,,,,,,,,,,,,,,,,,,,,,,,,,,,,,,,,,,,,,,,,,,
"a24Nz000001oWNVIA2","Active","800Pv00000G4ugsIAB",,,,,,,,,,,,,,,,,,,,,,,,,,,,,,,,,,,,,,,,,,,,,,
"a24Nz000001bbb7IAA","Active","800Pv00000GF3EuIAL",,,,,,,,,,,,,,,,,,,,,,,,,,,,,,,,,,,,,,,,,,,,,,
"a24Nz0000011iGAIAY","Active","800Pv00000GF34TIAT",,,,,,,,,,,,,,,,,,,,,,,,,,,,,,,,,,,,,,,,,,,,,,
"a24Nz000001RRGTIA4","Active","800Pv00000GEuaZIAT","800Pv00000G4toBIAR",,,,,,,,,,,,,,,,,,,,,,,,,,,,,,,,,,,,,,,,,,,,,
"a24Nz000001kSC1IAM","Active","800Pv00000G55q8IAB",,,,,,,,,,,,,,,,,,,,,,,,,,,,,,,,,,,,,,,,,,,,,,
"a24Nz000001FM9JIAW","Active","800Pv00000G4vbnIAB",,,,,,,,,,,,,,,,,,,,,,,,,,,,,,,,,,,,,,,,,,,,,,
"a24Nz000001ki77IAA","Active","800Pv00000GEz2JIAT",,,,,,,,,,,,,,,,,,,,,,,,,,,,,,,,,,,,,,,,,,,,,,
"a24Nz000001nQtdIAE","Active","800Pv00000G51aVIAR",,,,,,,,,,,,,,,,,,,,,,,,,,,,,,,,,,,,,,,,,,,,,,
"a24Nz000001UbMYIA0","Active","800Pv00000GEuBSIA1",,,,,,,,,,,,,,,,,,,,,,,,,,,,,,,,,,,,,,,,,,,,,,
"a24Nz000001XM2oIAG","Active","800Pv00000G4xsvIAB",,,,,,,,,,,,,,,,,,,,,,,,,,,,,,,,,,,,,,,,,,,,,,
"a24Nz000001QeNpIAK","Active","800Pv00000G55kXIAR",,,,,,,,,,,,,,,,,,,,,,,,,,,,,,,,,,,,,,,,,,,,,,
"a24Nz000001ZnenIAC","Active","800Pv00000G53aTIAR",,,,,,,,,,,,,,,,,,,,,,,,,,,,,,,,,,,,,,,,,,,,,,
"a24Nz000001jztBIAQ","Active","800Pv00000G54GvIAJ",,,,,,,,,,,,,,,,,,,,,,,,,,,,,,,,,,,,,,,,,,,,,,
"a24Nz000001hjxOIAQ","Active","800Pv00000G55pcIAB",,,,,,,,,,,,,,,,,,,,,,,,,,,,,,,,,,,,,,,,,,,,,,
"a24Nz000001Zo9RIAS","Active","800Pv00000GF0CqIAL",,,,,,,,,,,,,,,,,,,,,,,,,,,,,,,,,,,,,,,,,,,,,,
"a24Nz000001dcODIAY","Active","800Pv00000GF2NYIA1",,,,,,,,,,,,,,,,,,,,,,,,,,,,,,,,,,,,,,,,,,,,,,
"a24Nz000001p9NFIAY","Active","800Pv00000G55kbIAB",,,,,,,,,,,,,,,,,,,,,,,,,,,,,,,,,,,,,,,,,,,,,,
"a24Nz000001igz3IAA","Active","800Pv00000GEu4BIAT",,,,,,,,,,,,,,,,,,,,,,,,,,,,,,,,,,,,,,,,,,,,,,
"a24Nz000001fsALIAY","Active","800Pv00000GExavIAD",,,,,,,,,,,,,,,,,,,,,,,,,,,,,,,,,,,,,,,,,,,,,,
"a24Nz000001mEsvIAE","Active","800Pv00000G4yTYIAZ",,,,,,,,,,,,,,,,,,,,,,,,,,,,,,,,,,,,,,,,,,,,,,
"a24Pv000005fBmDIAU","Active","800Pv00000FQYjmIAH","800Pv00000EveGpIAJ",,,,,,,,,,,,,,,,,,,,,,,,,,,,,,,,,,,,,,,,,,,,,
"a24Nz000001IK2wIAG","Active","800Pv00000G4sREIAZ",,,,,,,,,,,,,,,,,,,,,,,,,,,,,,,,,,,,,,,,,,,,,,
"a24Nz000001J8m5IAC","Active","800Pv00000G4uh0IAB",,,,,,,,,,,,,,,,,,,,,,,,,,,,,,,,,,,,,,,,,,,,,,
"a24Nz000001Z3vJIAS","Active","800Pv00000GF3EdIAL",,,,,,,,,,,,,,,,,,,,,,,,,,,,,,,,,,,,,,,,,,,,,,
"a24Nz000001fdEXIAY","Active","800Pv00000GExbDIAT",,,,,,,,,,,,,,,,,,,,,,,,,,,,,,,,,,,,,,,,,,,,,,
"a24Nz000001FKNdIAO","Active","800Pv00000GExLxIAL",,,,,,,,,,,,,,,,,,,,,,,,,,,,,,,,,,,,,,,,,,,,,,
"a24Nz000001dvInIAI","Active","800Pv00000G4zpmIAB",,,,,,,,,,,,,,,,,,,,,,,,,,,,,,,,,,,,,,,,,,,,,,
"a24Nz000001UXUDIA4","Active","800Pv00000G4zXNIAZ",,,,,,,,,,,,,,,,,,,,,,,,,,,,,,,,,,,,,,,,,,,,,,
"a24Nz000001lzyjIAA","Active","800Pv00000G4zotIAB",,,,,,,,,,,,,,,,,,,,,,,,,,,,,,,,,,,,,,,,,,,,,,
"a24Nz000001dJQPIA2","Active","800Pv00000GF1b1IAD","800Pv00000GEuKHIA1",,,,,,,,,,,,,,,,,,,,,,,,,,,,,,,,,,,,,,,,,,,,,
"a24Nz000001jzzdIAA","Active","800Pv00000GF36CIAT",,,,,,,,,,,,,,,,,,,,,,,,,,,,,,,,,,,,,,,,,,,,,,
"a24Nz000001i7ejIAA","Active","800Pv00000G4raZIAR",,,,,,,,,,,,,,,,,,,,,,,,,,,,,,,,,,,,,,,,,,,,,,
"a24Nz000001Y9oHIAS","Active","800Pv00000GF1aoIAD",,,,,,,,,,,,,,,,,,,,,,,,,,,,,,,,,,,,,,,,,,,,,,
"a24Nz000001euu9IAA","Active","800Pv00000GF0CcIAL",,,,,,,,,,,,,,,,,,,,,,,,,,,,,,,,,,,,,,,,,,,,,,
"a24Nz000001agmXIAQ","Active","800Pv00000G53zxIAB",,,,,,,,,,,,,,,,,,,,,,,,,,,,,,,,,,,,,,,,,,,,,,
"a24Nz000001hG7NIAU","Active","800Pv00000GEvo6IAD",,,,,,,,,,,,,,,,,,,,,,,,,,,,,,,,,,,,,,,,,,,,,,
"a24Nz000001QwhJIAS","Active","800Pv00000G4zIQIAZ",,,,,,,,,,,,,,,,,,,,,,,,,,,,,,,,,,,,,,,,,,,,,,
"a24Nz000000x293IAA","Active","800Pv00000G4zpaIAB",,,,,,,,,,,,,,,,,,,,,,,,,,,,,,,,,,,,,,,,,,,,,,
"a24Nz000001ZzHlIAK","Active","800Pv00000G54fVIAR",,,,,,,,,,,,,,,,,,,,,,,,,,,,,,,,,,,,,,,,,,,,,,
"a24Nz000001oHebIAE","Active","800Pv00000GF3OlIAL","800Pv00000G4voEIAR",,,,,,,,,,,,,,,,,,,,,,,,,,,,,,,,,,,,,,,,,,,,,
"a24Nz000001P6knIAC","Active","800Pv00000G53z7IAB",,,,,,,,,,,,,,,,,,,,,,,,,,,,,,,,,,,,,,,,,,,,,,
"a24Nz000001IvNRIA0","Active","800Pv00000G53bHIAR",,,,,,,,,,,,,,,,,,,,,,,,,,,,,,,,,,,,,,,,,,,,,,
"a24Nz000001Ye5hIAC","Active","800Pv00000G54eiIAB",,,,,,,,,,,,,,,,,,,,,,,,,,,,,,,,,,,,,,,,,,,,,,
"a24Nz000001XHsjIAG","Active","800Pv00000G4uhBIAR",,,,,,,,,,,,,,,,,,,,,,,,,,,,,,,,,,,,,,,,,,,,,,
"a24Nz000001ihQTIAY","Active","800Pv00000GF2vbIAD",,,,,,,,,,,,,,,,,,,,,,,,,,,,,,,,,,,,,,,,,,,,,,
"a24Nz000001b5OMIAY","Active","800Pv00000G4znIIAR",,,,,,,,,,,,,,,,,,,,,,,,,,,,,,,,,,,,,,,,,,,,,,
"a24Nz000001QX6DIAW","Active","800Pv00000G55pZIAR",,,,,,,,,,,,,,,,,,,,,,,,,,,,,,,,,,,,,,,,,,,,,,
"a24Nz000001kN13IAE","Active","800Pv00000G57ofIAB",,,,,,,,,,,,,,,,,,,,,,,,,,,,,,,,,,,,,,,,,,,,,,
"a24Nz000001kl9pIAA","Active","800Pv00000G4zOJIAZ",,,,,,,,,,,,,,,,,,,,,,,,,,,,,,,,,,,,,,,,,,,,,,
"a24Pv000005XrcAIAS","Active","800Pv00000G56quIAB",,,,,,,,,,,,,,,,,,,,,,,,,,,,,,,,,,,,,,,,,,,,,,
"a24Nz000001otITIAY","Active","800Pv00000G4ugqIAB",,,,,,,,,,,,,,,,,,,,,,,,,,,,,,,,,,,,,,,,,,,,,,
"a24Nz000001IDeBIAW","Active","800Pv00000G4r6iIAB",,,,,,,,,,,,,,,,,,,,,,,,,,,,,,,,,,,,,,,,,,,,,,
"a24Nz000001c5sXIAQ","Active","800Pv00000GEuaEIAT","800Pv00000GEvj0IAD",,,,,,,,,,,,,,,,,,,,,,,,,,,,,,,,,,,,,,,,,,,,,
"a24Nz000001LGHJIA4","Active","800Pv00000G4x1XIAR",,,,,,,,,,,,,,,,,,,,,,,,,,,,,,,,,,,,,,,,,,,,,,
"a24Nz000001UKAPIA4","Active","800Pv00000GEuBUIA1",,,,,,,,,,,,,,,,,,,,,,,,,,,,,,,,,,,,,,,,,,,,,,
"a24Nz000001qBTRIA2","Active","800Pv00000GExUuIAL","800Pv00000G53anIAB",,,,,,,,,,,,,,,,,,,,,,,,,,,,,,,,,,,,,,,,,,,,,
"a24Nz000001djmHIAQ","Active","800Pv00000G4vofIAB",,,,,,,,,,,,,,,,,,,,,,,,,,,,,,,,,,,,,,,,,,,,,,
"a24Nz000001S0pJIAS","Active","800Pv00000G4x1pIAB",,,,,,,,,,,,,,,,,,,,,,,,,,,,,,,,,,,,,,,,,,,,,,
"a24Nz000001iLZdIAM","Active","800Pv00000GF0YzIAL",,,,,,,,,,,,,,,,,,,,,,,,,,,,,,,,,,,,,,,,,,,,,,
"a24Nz000001Y34XIAS","Active","800Pv00000G580XIAR",,,,,,,,,,,,,,,,,,,,,,,,,,,,,,,,,,,,,,,,,,,,,,
"a24Nz000001FDafIAG","Active","800Pv00000G4toPIAR",,,,,,,,,,,,,,,,,,,,,,,,,,,,,,,,,,,,,,,,,,,,,,
"a24Nz000001mEjFIAU","Active","800Pv00000GF2a9IAD",,,,,,,,,,,,,,,,,,,,,,,,,,,,,,,,,,,,,,,,,,,,,,
"a24Nz000001aTHRIA2","Active","800Pv00000GExLwIAL",,,,,,,,,,,,,,,,,,,,,,,,,,,,,,,,,,,,,,,,,,,,,,
"a24Nz000001biXlIAI","Active","800Pv00000GF3F1IAL",,,,,,,,,,,,,,,,,,,,,,,,,,,,,,,,,,,,,,,,,,,,,,
"a24Pv0000058vflIAA","Active","800Pv00000GF3W2IAL",,,,,,,,,,,,,,,,,,,,,,,,,,,,,,,,,,,,,,,,,,,,,,
"a24Nz000001alpRIAQ","Active","800Pv00000GF0OUIA1",,,,,,,,,,,,,,,,,,,,,,,,,,,,,,,,,,,,,,,,,,,,,,
"a24Nz000001NotBIAS","Active","800Pv00000G4zaIIAR",,,,,,,,,,,,,,,,,,,,,,,,,,,,,,,,,,,,,,,,,,,,,,
"a24Pv000002SgKvIAK","Active","800Pv00000GF0DuIAL",,,,,,,,,,,,,,,,,,,,,,,,,,,,,,,,,,,,,,,,,,,,,,
"a24Nz000001iGjdIAE","Active","800Pv00000G54H1IAJ",,,,,,,,,,,,,,,,,,,,,,,,,,,,,,,,,,,,,,,,,,,,,,
"a24Nz000001kl4zIAA","Active","800Pv00000GF2JuIAL",,,,,,,,,,,,,,,,,,,,,,,,,,,,,,,,,,,,,,,,,,,,,,
"a24Nz000001oBu9IAE","Active","800Pv00000G4zpXIAR",,,,,,,,,,,,,,,,,,,,,,,,,,,,,,,,,,,,,,,,,,,,,,
"a24Nz000001Dh6bIAC","Active","800Pv00000G51MPIAZ",,,,,,,,,,,,,,,,,,,,,,,,,,,,,,,,,,,,,,,,,,,,,,
"a24Nz000001Qhn8IAC","Active","800Pv00000G55WGIAZ",,,,,,,,,,,,,,,,,,,,,,,,,,,,,,,,,,,,,,,,,,,,,,
"a24Nz000001dcEXIAY","Active","800Pv00000G54GsIAJ",,,,,,,,,,,,,,,,,,,,,,,,,,,,,,,,,,,,,,,,,,,,,,
"a24Nz000001lP8rIAE","Active","800Pv00000GErRyIAL",,,,,,,,,,,,,,,,,,,,,,,,,,,,,,,,,,,,,,,,,,,,,,
"a24Nz000001pI7BIAU","Active","800Pv00000GEoAsIAL",,,,,,,,,,,,,,,,,,,,,,,,,,,,,,,,,,,,,,,,,,,,,,
"a24Pv000005ONGrIAO","Active","800Pv00000F9p1XIAR",,,,,,,,,,,,,,,,,,,,,,,,,,,,,,,,,,,,,,,,,,,,,,
"a24Nz000001U82nIAC","Active","800Pv00000G4r6wIAB",,,,,,,,,,,,,,,,,,,,,,,,,,,,,,,,,,,,,,,,,,,,,,
"a24Nz000001O82IIAS","Active","800Pv00000G51MgIAJ",,,,,,,,,,,,,,,,,,,,,,,,,,,,,,,,,,,,,,,,,,,,,,
"a24Nz000001ddIfIAI","Active","800Pv00000G4zWyIAJ",,,,,,,,,,,,,,,,,,,,,,,,,,,,,,,,,,,,,,,,,,,,,,
"a24Nz000001fK3pIAE","Active","800Pv00000GF3EoIAL",,,,,,,,,,,,,,,,,,,,,,,,,,,,,,,,,,,,,,,,,,,,,,
"a24Nz000001dI2vIAE","Active","800Pv00000GF0YVIA1",,,,,,,,,,,,,,,,,,,,,,,,,,,,,,,,,,,,,,,,,,,,,,
"a24Nz000001QO4XIAW","Active","800Pv00000G4zorIAB",,,,,,,,,,,,,,,,,,,,,,,,,,,,,,,,,,,,,,,,,,,,,,
"a24Nz000001ngyPIAQ","Active","800Pv00000GF2I6IAL",,,,,,,,,,,,,,,,,,,,,,,,,,,,,,,,,,,,,,,,,,,,,,
"a24Nz000001YiR3IAK","Active","800Pv00000G4tpMIAR",,,,,,,,,,,,,,,,,,,,,,,,,,,,,,,,,,,,,,,,,,,,,,
"a24Nz000001guy6IAA","Active","800Pv00000GF3VKIA1",,,,,,,,,,,,,,,,,,,,,,,,,,,,,,,,,,,,,,,,,,,,,,
"a24Nz000001UfrZIAS","Active","800Pv00000GF3OOIA1",,,,,,,,,,,,,,,,,,,,,,,,,,,,,,,,,,,,,,,,,,,,,,
"a24Nz000001ZnEzIAK","Active","800Pv00000GF3RlIAL",,,,,,,,,,,,,,,,,,,,,,,,,,,,,,,,,,,,,,,,,,,,,,
"a24Nz000001akBpIAI","Active","800Pv00000G4sR0IAJ",,,,,,,,,,,,,,,,,,,,,,,,,,,,,,,,,,,,,,,,,,,,,,
"a24Nz000001VcJlIAK","Active","800Pv00000GF0JnIAL",,,,,,,,,,,,,,,,,,,,,,,,,,,,,,,,,,,,,,,,,,,,,,
"a24Nz000001o0FZIAY","Active","800Pv00000G4raJIAR",,,,,,,,,,,,,,,,,,,,,,,,,,,,,,,,,,,,,,,,,,,,,,
"a24Nz000001dIpJIAU","Active","800Pv00000GEsoQIAT",,,,,,,,,,,,,,,,,,,,,,,,,,,,,,,,,,,,,,,,,,,,,,
"a24Nz000001J7q2IAC","Active","800Pv00000GF29aIAD",,,,,,,,,,,,,,,,,,,,,,,,,,,,,,,,,,,,,,,,,,,,,,
"a24Nz000001gvqvIAA","Active","800Pv00000GF1bRIAT",,,,,,,,,,,,,,,,,,,,,,,,,,,,,,,,,,,,,,,,,,,,,,
"a24Nz000001kbGvIAI","Active","800Pv00000G4zWrIAJ",,,,,,,,,,,,,,,,,,,,,,,,,,,,,,,,,,,,,,,,,,,,,,
"a24Nz000001ogzZIAQ","Active","800Pv00000G53anIAB",,,,,,,,,,,,,,,,,,,,,,,,,,,,,,,,,,,,,,,,,,,,,,
"a24Nz000001lBM2IAM","Active","800Pv00000G4voEIAR",,,,,,,,,,,,,,,,,,,,,,,,,,,,,,,,,,,,,,,,,,,,,,
"a24Nz000001LnTNIA0","Active","800Pv00000G4uhjIAB",,,,,,,,,,,,,,,,,,,,,,,,,,,,,,,,,,,,,,,,,,,,,,
"a24Nz000001eZbBIAU","Active","800Pv00000GF2PbIAL",,,,,,,,,,,,,,,,,,,,,,,,,,,,,,,,,,,,,,,,,,,,,,
"a24Nz000001Vfj3IAC","Active","800Pv00000GF0YqIAL",,,,,,,,,,,,,,,,,,,,,,,,,,,,,,,,,,,,,,,,,,,,,,
"a24Nz000001YY1zIAG","Active","800Pv00000GEz1lIAD",,,,,,,,,,,,,,,,,,,,,,,,,,,,,,,,,,,,,,,,,,,,,,
"a24Nz000001b3ZRIAY","Active","800Pv00000G53acIAB","800Pv00000G4totIAB",,,,,,,,,,,,,,,,,,,,,,,,,,,,,,,,,,,,,,,,,,,,,
"a24Nz000001oHhpIAE","Active","800Pv00000GEuJzIAL","800Pv00000G4uh9IAB",,,,,,,,,,,,,,,,,,,,,,,,,,,,,,,,,,,,,,,,,,,,,
"a24Nz000001eZUjIAM","Active","800Pv00000G53azIAB",,,,,,,,,,,,,,,,,,,,,,,,,,,,,,,,,,,,,,,,,,,,,,
"a24Nz000001lBlqIAE","Active","800Pv00000G51MHIAZ",,,,,,,,,,,,,,,,,,,,,,,,,,,,,,,,,,,,,,,,,,,,,,
"a24Nz000001lE3lIAE","Active","800Pv00000GF28UIAT",,,,,,,,,,,,,,,,,,,,,,,,,,,,,,,,,,,,,,,,,,,,,,
"a24Nz000001nzPyIAI","Active","800Pv00000G53awIAB",,,,,,,,,,,,,,,,,,,,,,,,,,,,,,,,,,,,,,,,,,,,,,
"a24Nz000001ixa5IAA","Active","800Pv00000G4zIGIAZ","800Pv00000G4toMIAR",,,,,,,,,,,,,,,,,,,,,,,,,,,,,,,,,,,,,,,,,,,,,
"a24Nz000001SQ73IAG","Pending Cancel/Close","800Pv00000G4mQUIAZ",,,,,,,,,,,,,,,,,,,,,,,,,,,,,,,,,,,,,,,,,,,,,,
"a24Nz000001YbvpIAC","Active","800Pv00000GEu4CIAT",,,,,,,,,,,,,,,,,,,,,,,,,,,,,,,,,,,,,,,,,,,,,,
"a24Nz000001oryDIAQ","Active","800Pv00000G55WEIAZ",,,,,,,,,,,,,,,,,,,,,,,,,,,,,,,,,,,,,,,,,,,,,,
"a24Nz000001oiRtIAI","Active","800Pv00000GF2OpIAL",,,,,,,,,,,,,,,,,,,,,,,,,,,,,,,,,,,,,,,,,,,,,,
"a24Nz000001UZPaIAO","Active","800Pv00000G4vc1IAB",,,,,,,,,,,,,,,,,,,,,,,,,,,,,,,,,,,,,,,,,,,,,,
"a24Nz000001V4UzIAK","Active","800Pv00000GErRzIAL",,,,,,,,,,,,,,,,,,,,,,,,,,,,,,,,,,,,,,,,,,,,,,
"a24Nz000001TmBxIAK","Active","800Pv00000G4zXGIAZ",,,,,,,,,,,,,,,,,,,,,,,,,,,,,,,,,,,,,,,,,,,,,,
"a24Nz000001frm9IAA","Active","800Pv00000G4vohIAB",,,,,,,,,,,,,,,,,,,,,,,,,,,,,,,,,,,,,,,,,,,,,,
"a24Nz000001ixGjIAI","Active","800Pv00000G4toMIAR",,,,,,,,,,,,,,,,,,,,,,,,,,,,,,,,,,,,,,,,,,,,,,
"a24Nz000001b4C9IAI","Active","800Pv00000G4rw2IAB",,,,,,,,,,,,,,,,,,,,,,,,,,,,,,,,,,,,,,,,,,,,,,
"a24Nz000001barxIAA","Active","800Pv00000G4zpbIAB",,,,,,,,,,,,,,,,,,,,,,,,,,,,,,,,,,,,,,,,,,,,,,
"a24Nz000001dCtZIAU","Active","800Pv00000G4tokIAB",,,,,,,,,,,,,,,,,,,,,,,,,,,,,,,,,,,,,,,,,,,,,,
"a24Nz000001XWgUIAW","Active","800Pv00000G4vbgIAB",,,,,,,,,,,,,,,,,,,,,,,,,,,,,,,,,,,,,,,,,,,,,,
"a24Nz000001IspNIAS","Active","800Pv00000G4ra7IAB",,,,,,,,,,,,,,,,,,,,,,,,,,,,,,,,,,,,,,,,,,,,,,
"a24Nz0000011m3dIAA","Pending Cancel/Close","800Pv00000GEzyMIAT",,,,,,,,,,,,,,,,,,,,,,,,,,,,,,,,,,,,,,,,,,,,,,
"a24Nz000001po3pIAA","Active","800Pv00000G53aoIAB",,,,,,,,,,,,,,,,,,,,,,,,,,,,,,,,,,,,,,,,,,,,,,
"a24Nz000001inAvIAI","Active","800Pv00000G54fIIAR",,,,,,,,,,,,,,,,,,,,,,,,,,,,,,,,,,,,,,,,,,,,,,
"a24Nz000001S2CnIAK","Active","800Pv00000GF29CIAT",,,,,,,,,,,,,,,,,,,,,,,,,,,,,,,,,,,,,,,,,,,,,,
"a24Nz000001aluHIAQ","Active","800Pv00000GEnlWIAT","800Pv00000G55pFIAR",,,,,,,,,,,,,,,,,,,,,,,,,,,,,,,,,,,,,,,,,,,,,
"a24Nz000001ZJonIAG","Active","800Pv00000GEz8VIAT","800Pv00000GF1gjIAD",,,,,,,,,,,,,,,,,,,,,,,,,,,,,,,,,,,,,,,,,,,,,
"a24Nz000001k7ynIAA","Active","800Pv00000G55ZHIAZ",,,,,,,,,,,,,,,,,,,,,,,,,,,,,,,,,,,,,,,,,,,,,,
"a24Nz000001LwObIAK","Active","800Pv00000G55pUIAR",,,,,,,,,,,,,,,,,,,,,,,,,,,,,,,,,,,,,,,,,,,,,,
"a24Nz000001o77NIAQ","Active","800Pv00000GEvmaIAD",,,,,,,,,,,,,,,,,,,,,,,,,,,,,,,,,,,,,,,,,,,,,,
"a24Nz000001amjtIAA","Active","800Pv00000GF0KjIAL","800Pv00000G56r6IAB",,,,,,,,,,,,,,,,,,,,,,,,,,,,,,,,,,,,,,,,,,,,,
"a24Nz000001nNhFIAU","Active","800Pv00000G53yfIAB",,,,,,,,,,,,,,,,,,,,,,,,,,,,,,,,,,,,,,,,,,,,,,
"a24Nz000001mU9hIAE","Active","800Pv00000GF1ruIAD",,,,,,,,,,,,,,,,,,,,,,,,,,,,,,,,,,,,,,,,,,,,,,
"a24Nz000001hUdNIAU","Active","800Pv00000G54f5IAB",,,,,,,,,,,,,,,,,,,,,,,,,,,,,,,,,,,,,,,,,,,,,,
"a24Nz000001VrHBIA0","Active","800Pv00000G55VyIAJ",,,,,,,,,,,,,,,,,,,,,,,,,,,,,,,,,,,,,,,,,,,,,,
"a24Nz000001cBTJIA2","Active","800Pv00000GF2CBIA1","800Pv00000G4uhvIAB",,,,,,,,,,,,,,,,,,,,,,,,,,,,,,,,,,,,,,,,,,,,,
"a24Nz000001lzp3IAA","Active","800Pv00000G4sR4IAJ",,,,,,,,,,,,,,,,,,,,,,,,,,,,,,,,,,,,,,,,,,,,,,
"a24Nz000001dL0nIAE","Active","800Pv00000G53D4IAJ",,,,,,,,,,,,,,,,,,,,,,,,,,,,,,,,,,,,,,,,,,,,,,
"a24Nz000001PlETIA0","Active","800Pv00000G56ekIAB",,,,,,,,,,,,,,,,,,,,,,,,,,,,,,,,,,,,,,,,,,,,,,
"a24Nz000001kewMIAQ","Active","800Pv00000G4r6LIAR",,,,,,,,,,,,,,,,,,,,,,,,,,,,,,,,,,,,,,,,,,,,,,
"a24Nz000001kgq5IAA","Active","800Pv00000G4xrmIAB",,,,,,,,,,,,,,,,,,,,,,,,,,,,,,,,,,,,,,,,,,,,,,
"a24Nz000001mWRdIAM","Active","800Pv00000G54GrIAJ",,,,,,,,,,,,,,,,,,,,,,,,,,,,,,,,,,,,,,,,,,,,,,
"a24Nz000001oD7xIAE","Active","800Pv00000G4rZyIAJ",,,,,,,,,,,,,,,,,,,,,,,,,,,,,,,,,,,,,,,,,,,,,,
"a24Nz000001e0FFIAY","Active","800Pv00000G4uhmIAB","800Pv00000G4tpQIAR",,,,,,,,,,,,,,,,,,,,,,,,,,,,,,,,,,,,,,,,,,,,,
"a24Nz000001kK9dIAE","Active","800Pv00000GF2dRIAT",,,,,,,,,,,,,,,,,,,,,,,,,,,,,,,,,,,,,,,,,,,,,,
"a24Nz000001IM37IAG","Active","800Pv00000G4r6aIAB",,,,,,,,,,,,,,,,,,,,,,,,,,,,,,,,,,,,,,,,,,,,,,
"a24Nz000001oTe9IAE","Active","800Pv00000G55p4IAB",,,,,,,,,,,,,,,,,,,,,,,,,,,,,,,,,,,,,,,,,,,,,,
"a24Nz000001S21VIAS","Active","800Pv00000G54GuIAJ",,,,,,,,,,,,,,,,,,,,,,,,,,,,,,,,,,,,,,,,,,,,,,
"a24Pv000003x0GnIAI","Active","800Pv00000G54ehIAB",,,,,,,,,,,,,,,,,,,,,,,,,,,,,,,,,,,,,,,,,,,,,,
"a24Nz000001HIKvIAO","Active","800Pv00000G53zZIAR",,,,,,,,,,,,,,,,,,,,,,,,,,,,,,,,,,,,,,,,,,,,,,
"a24Nz000001djBBIAY","Active","800Pv00000GF3cJIAT","800Pv00000G4r7EIAR",,,,,,,,,,,,,,,,,,,,,,,,,,,,,,,,,,,,,,,,,,,,,
"a24Nz000001jkvlIAA","Active","800Pv00000GF1beIAD","800Pv00000GEua6IAD",,,,,,,,,,,,,,,,,,,,,,,,,,,,,,,,,,,,,,,,,,,,,
"a24Nz000001XIwrIAG","Active","800Pv00000G4r6eIAB",,,,,,,,,,,,,,,,,,,,,,,,,,,,,,,,,,,,,,,,,,,,,,
"a24Nz000001oGgvIAE","Active","800Pv00000GF2NpIAL",,,,,,,,,,,,,,,,,,,,,,,,,,,,,,,,,,,,,,,,,,,,,,
"a24Nz000001nheLIAQ","Active","800Pv00000GF2C2IAL","800Pv00000G54GrIAJ",,,,,,,,,,,,,,,,,,,,,,,,,,,,,,,,,,,,,,,,,,,,,
"a24Nz000001dGE1IAM","Active","800Pv00000G4zpKIAR",,,,,,,,,,,,,,,,,,,,,,,,,,,,,,,,,,,,,,,,,,,,,,
"a24Nz000001nJP7IAM","Active","800Pv00000GF1c0IAD",,,,,,,,,,,,,,,,,,,,,,,,,,,,,,,,,,,,,,,,,,,,,,
"a24Nz000001XwnpIAC","Active","800Pv00000G4x1QIAR",,,,,,,,,,,,,,,,,,,,,,,,,,,,,,,,,,,,,,,,,,,,,,
"a24Nz000001o7XBIAY","Active","800Pv00000G4zooIAB",,,,,,,,,,,,,,,,,,,,,,,,,,,,,,,,,,,,,,,,,,,,,,
"a24Nz000001c9o5IAA","Active","800Pv00000G4uhvIAB",,,,,,,,,,,,,,,,,,,,,,,,,,,,,,,,,,,,,,,,,,,,,,
"a24Nz000001jExWIAU","Active","800Pv00000G53yuIAB",,,,,,,,,,,,,,,,,,,,,,,,,,,,,,,,,,,,,,,,,,,,,,
"a24Nz000001kb0nIAA","Active","800Pv00000G4vbwIAB",,,,,,,,,,,,,,,,,,,,,,,,,,,,,,,,,,,,,,,,,,,,,,
"a24Nz000001IIltIAG","Active","800Pv00000G55kNIAR",,,,,,,,,,,,,,,,,,,,,,,,,,,,,,,,,,,,,,,,,,,,,,
"a24Nz000001pItZIAU","Active","800Pv00000G4zpsIAB",,,,,,,,,,,,,,,,,,,,,,,,,,,,,,,,,,,,,,,,,,,,,,
"a24Nz000001hjEDIAY","Active","800Pv00000G4x0TIAR",,,,,,,,,,,,,,,,,,,,,,,,,,,,,,,,,,,,,,,,,,,,,,
"a24Nz000001XMveIAG","Active","800Pv00000G51LsIAJ",,,,,,,,,,,,,,,,,,,,,,,,,,,,,,,,,,,,,,,,,,,,,,
"a24Nz000001gvMHIAY","Active","800Pv00000G4sQpIAJ","800Pv00000G51MUIAZ",,,,,,,,,,,,,,,,,,,,,,,,,,,,,,,,,,,,,,,,,,,,,
"a24Nz000001fA4TIAU","Active","800Pv00000G4ySxIAJ",,,,,,,,,,,,,,,,,,,,,,,,,,,,,,,,,,,,,,,,,,,,,,
"a24Nz000001fVTtIAM","Active","800Pv00000GF3F0IAL",,,,,,,,,,,,,,,,,,,,,,,,,,,,,,,,,,,,,,,,,,,,,,
"a24Nz000001mERVIA2","Active","800Pv00000G55qRIAR",,,,,,,,,,,,,,,,,,,,,,,,,,,,,,,,,,,,,,,,,,,,,,
"a24Nz000001plXeIAI","Active","800Pv00000G56a1IAB","800Pv00000G57ofIAB",,,,,,,,,,,,,,,,,,,,,,,,,,,,,,,,,,,,,,,,,,,,,
"a24Nz000001pN5FIAU","Active","800Pv00000G53ahIAB",,,,,,,,,,,,,,,,,,,,,,,,,,,,,,,,,,,,,,,,,,,,,,
"a24Nz000001MJGLIA4","Active","800Pv00000GF3bBIAT",,,,,,,,,,,,,,,,,,,,,,,,,,,,,,,,,,,,,,,,,,,,,,
"a24Nz000001dB6HIAU","Active","800Pv00000G53CSIAZ",,,,,,,,,,,,,,,,,,,,,,,,,,,,,,,,,,,,,,,,,,,,,,
"a24Nz000001b7JiIAI","Active","800Pv00000GEuaKIAT",,,,,,,,,,,,,,,,,,,,,,,,,,,,,,,,,,,,,,,,,,,,,,
"a24Nz000001jokrIAA","Active","800Pv00000G4yTFIAZ",,,,,,,,,,,,,,,,,,,,,,,,,,,,,,,,,,,,,,,,,,,,,,
"a24Nz000001As0AIAS","Active","800Pv00000G4vcQIAR",,,,,,,,,,,,,,,,,,,,,,,,,,,,,,,,,,,,,,,,,,,,,,
"a24Nz000001pIC1IAM","Active","800Pv00000G4tpJIAR",,,,,,,,,,,,,,,,,,,,,,,,,,,,,,,,,,,,,,,,,,,,,,
"a24Nz000001d6ubIAA","Active","800Pv00000G53bDIAR",,,,,,,,,,,,,,,,,,,,,,,,,,,,,,,,,,,,,,,,,,,,,,
"a24Nz000001bCZVIA2","Active","800Pv00000G4voiIAB",,,,,,,,,,,,,,,,,,,,,,,,,,,,,,,,,,,,,,,,,,,,,,
"a24Nz000001d8l7IAA","Active","800Pv00000G54egIAB",,,,,,,,,,,,,,,,,,,,,,,,,,,,,,,,,,,,,,,,,,,,,,
"a24Nz000001MI0vIAG","Active","800Pv00000GEuJjIAL",,,,,,,,,,,,,,,,,,,,,,,,,,,,,,,,,,,,,,,,,,,,,,
"a24Nz000001hizhIAA","Active","800Pv00000GEz0aIAD",,,,,,,,,,,,,,,,,,,,,,,,,,,,,,,,,,,,,,,,,,,,,,
"a24Nz000001R3yxIAC","Active","800Pv00000G4tp4IAB",,,,,,,,,,,,,,,,,,,,,,,,,,,,,,,,,,,,,,,,,,,,,,
"a24Nz000001efS5IAI","Active","800Pv00000G4sQnIAJ",,,,,,,,,,,,,,,,,,,,,,,,,,,,,,,,,,,,,,,,,,,,,,
"a24Nz000001oqPSIAY","Active","800Pv00000GExUSIA1",,,,,,,,,,,,,,,,,,,,,,,,,,,,,,,,,,,,,,,,,,,,,,
"a24Nz000001hlWAIAY","Active","800Pv00000GF2ePIAT",,,,,,,,,,,,,,,,,,,,,,,,,,,,,,,,,,,,,,,,,,,,,,
"a24Nz000001hdOvIAI","Active","800Pv00000G4zoZIAR",,,,,,,,,,,,,,,,,,,,,,,,,,,,,,,,,,,,,,,,,,,,,,
"a24Nz000001jmkfIAA","Active","800Pv00000G4vbRIAR",,,,,,,,,,,,,,,,,,,,,,,,,,,,,,,,,,,,,,,,,,,,,,
"a24Nz000001aSQDIA2","Active","800Pv00000GEz8jIAD",,,,,,,,,,,,,,,,,,,,,,,,,,,,,,,,,,,,,,,,,,,,,,
"a24Nz000001c5anIAA","Active","800Pv00000GF2NMIA1",,,,,,,,,,,,,,,,,,,,,,,,,,,,,,,,,,,,,,,,,,,,,,
"a24Nz0000015MtlIAE","Active","800Pv00000G4zX3IAJ",,,,,,,,,,,,,,,,,,,,,,,,,,,,,,,,,,,,,,,,,,,,,,
"a24Nz000000l1ALIAY","Active",,,,,,,,,,,,,,,,,,,,,,,,,,,,,,,,,,,,,,,,,,,,,,,
"a24Nz000000pr8jIAA","Active",,,,,,,,,,,,,,,,,,,,,,,,,,,,,,,,,,,,,,,,,,,,,,,
"a24Nz000000reCDIAY","Active",,,,,,,,,,,,,,,,,,,,,,,,,,,,,,,,,,,,,,,,,,,,,,,
"a24Nz000000vvftIAA","Active",,,,,,,,,,,,,,,,,,,,,,,,,,,,,,,,,,,,,,,,,,,,,,,
"a24Nz0000015ZnlIAE","Active",,,,,,,,,,,,,,,,,,,,,,,,,,,,,,,,,,,,,,,,,,,,,,,
"a24Nz0000016RRaIAM","Active",,,,,,,,,,,,,,,,,,,,,,,,,,,,,,,,,,,,,,,,,,,,,,,
"a24Nz0000017viXIAQ","Active",,,,,,,,,,,,,,,,,,,,,,,,,,,,,,,,,,,,,,,,,,,,,,,
"a24Nz0000019LO1IAM","Active",,,,,,,,,,,,,,,,,,,,,,,,,,,,,,,,,,,,,,,,,,,,,,,
"a24Nz000001B742IAC","Active",,,,,,,,,,,,,,,,,,,,,,,,,,,,,,,,,,,,,,,,,,,,,,,
"a24Nz000001BRM5IAO","Active",,,,,,,,,,,,,,,,,,,,,,,,,,,,,,,,,,,,,,,,,,,,,,,
"a24Nz000001C2LdIAK","Active",,,,,,,,,,,,,,,,,,,,,,,,,,,,,,,,,,,,,,,,,,,,,,,
"a24Nz000001DXATIA4","Active",,,,,,,,,,,,,,,,,,,,,,,,,,,,,,,,,,,,,,,,,,,,,,,
"a24Nz000001Ej4jIAC","Active",,,,,,,,,,,,,,,,,,,,,,,,,,,,,,,,,,,,,,,,,,,,,,,
"a24Nz000001FIdaIAG","Active",,,,,,,,,,,,,,,,,,,,,,,,,,,,,,,,,,,,,,,,,,,,,,,
"a24Nz000001HmdxIAC","Active",,,,,,,,,,,,,,,,,,,,,,,,,,,,,,,,,,,,,,,,,,,,,,,
"a24Nz000001IIUAIA4","Active",,,,,,,,,,,,,,,,,,,,,,,,,,,,,,,,,,,,,,,,,,,,,,,
"a24Nz000001K6ThIAK","Active",,,,,,,,,,,,,,,,,,,,,,,,,,,,,,,,,,,,,,,,,,,,,,,
"a24Nz000001KBUzIAO","Active",,,,,,,,,,,,,,,,,,,,,,,,,,,,,,,,,,,,,,,,,,,,,,,
"a24Nz000001KFLhIAO","Active",,,,,,,,,,,,,,,,,,,,,,,,,,,,,,,,,,,,,,,,,,,,,,,
"a24Nz000001L2ELIA0","Active",,,,,,,,,,,,,,,,,,,,,,,,,,,,,,,,,,,,,,,,,,,,,,,
"a24Nz000001NoYDIA0","Active",,,,,,,,,,,,,,,,,,,,,,,,,,,,,,,,,,,,,,,,,,,,,,,
"a24Nz000001P0CNIA0","Active",,,,,,,,,,,,,,,,,,,,,,,,,,,,,,,,,,,,,,,,,,,,,,,
"a24Nz000001P5n7IAC","Active",,,,,,,,,,,,,,,,,,,,,,,,,,,,,,,,,,,,,,,,,,,,,,,
"a24Nz000001P8hlIAC","Active",,,,,,,,,,,,,,,,,,,,,,,,,,,,,,,,,,,,,,,,,,,,,,,
"a24Nz000001PSuzIAG","Active",,,,,,,,,,,,,,,,,,,,,,,,,,,,,,,,,,,,,,,,,,,,,,,
"a24Nz000001PVhaIAG","Active",,,,,,,,,,,,,,,,,,,,,,,,,,,,,,,,,,,,,,,,,,,,,,,
"a24Nz000001PfH7IAK","Active",,,,,,,,,,,,,,,,,,,,,,,,,,,,,,,,,,,,,,,,,,,,,,,
"a24Nz000001QOSjIAO","Active",,,,,,,,,,,,,,,,,,,,,,,,,,,,,,,,,,,,,,,,,,,,,,,
"a24Nz000001QjTxIAK","Active",,,,,,,,,,,,,,,,,,,,,,,,,,,,,,,,,,,,,,,,,,,,,,,
"a24Nz000001SJvBIAW","Active",,,,,,,,,,,,,,,,,,,,,,,,,,,,,,,,,,,,,,,,,,,,,,,
"a24Nz000001SmltIAC","Active",,,,,,,,,,,,,,,,,,,,,,,,,,,,,,,,,,,,,,,,,,,,,,,
"a24Nz000001UFfNIAW","Active",,,,,,,,,,,,,,,,,,,,,,,,,,,,,,,,,,,,,,,,,,,,,,,
"a24Nz000001V9hZIAS","Active",,,,,,,,,,,,,,,,,,,,,,,,,,,,,,,,,,,,,,,,,,,,,,,
"a24Nz000001VCIsIAO","Active",,,,,,,,,,,,,,,,,,,,,,,,,,,,,,,,,,,,,,,,,,,,,,,
"a24Nz000001XeR7IAK","Active",,,,,,,,,,,,,,,,,,,,,,,,,,,,,,,,,,,,,,,,,,,,,,,
"a24Nz000001ZtXJIA0","Active",,,,,,,,,,,,,,,,,,,,,,,,,,,,,,,,,,,,,,,,,,,,,,,
"a24Nz000001bKwrIAE","Active",,,,,,,,,,,,,,,,,,,,,,,,,,,,,,,,,,,,,,,,,,,,,,,
"a24Nz000001d9SfIAI","Active",,,,,,,,,,,,,,,,,,,,,,,,,,,,,,,,,,,,,,,,,,,,,,,
"a24Nz000001dpQHIAY","Active",,,,,,,,,,,,,,,,,,,,,,,,,,,,,,,,,,,,,,,,,,,,,,,
"a24Nz000001eecTIAQ","Active",,,,,,,,,,,,,,,,,,,,,,,,,,,,,,,,,,,,,,,,,,,,,,,
"a24Pv000002SgkmIAC",,,,,,,,,,,,,,,,,,,,,,,,,,,,,,,,,,,,,,,,,,,,,,,,
"a24Pv000003TMetIAG","Active",,,,,,,,,,,,,,,,,,,,,,,,,,,,,,,,,,,,,,,,,,,,,,,
"a24Pv000005IdeMIAS","Active",,,,,,,,,,,,,,,,,,,,,,,,,,,,,,,,,,,,,,,,,,,,,,,
"a24Pv000005Ii7mIAC","Active",,,,,,,,,,,,,,,,,,,,,,,,,,,,,,,,,,,,,,,,,,,,,,,
"a24Pv000005IiXZIA0","Active",,,,,,,,,,,,,,,,,,,,,,,,,,,,,,,,,,,,,,,,,,,,,,,
"a24Pv000005ImJRIA0","Active",,,,,,,,,,,,,,,,,,,,,,,,,,,,,,,,,,,,,,,,,,,,,,,
"a24Pv000005K3TVIA0","Active",,,,,,,,,,,,,,,,,,,,,,,,,,,,,,,,,,,,,,,,,,,,,,,
"a24Pv000005K4XdIAK","Active",,,,,,,,,,,,,,,,,,,,,,,,,,,,,,,,,,,,,,,,,,,,,,,
"a24Pv000005K7YjIAK","Active",,,,,,,,,,,,,,,,,,,,,,,,,,,,,,,,,,,,,,,,,,,,,,,
"a24Pv000005OGiIIAW","Active",,,,,,,,,,,,,,,,,,,,,,,,,,,,,,,,,,,,,,,,,,,,,,,
"a24Pv000005r1XlIAI","Complete",,,,,,,,,,,,,,,,,,,,,,,,,,,,,,,,,,,,,,,,,,,,,,,
"a24Pv000004vhSXIAY","Active","800Pv00000Dx6YBIAZ",,"800Pv00000Dx6YBIAZ",,"005Nz000000SWONIA4","0014J00000VvRjVQAV","012Pv0000021hzSIAQ","a1G4J0000025wccUAA","Activated","Activated","2020-08-18","2026-08-17","AST (Affordable)",,,,"0.00","0.00","Check Contract",,,,,,,,,,,,,,,,,,,,,,,,,,,,
"a24Pv000003mOCnIAM","Cancelled","800Pv00000Awj2UIAR",,"800Pv00000Awj2UIAR",,"005Nz000000SWONIA4","0014J00000VvRLeQAN","012Pv0000021hzSIAQ","a1G4J0000025vzIUAQ","Activated","Draft","2019-10-04","2025-11-03","AST (Affordable)",,,,"0.00","0.00","Check Contract","Gas, Electricity inc. in Rent Clause",,,,,,,,,,,,,,,,,,,,,,,,,,,
"a24Pv000002ShAXIA0","Active","800Pv0000084cQHIAY",,"800Pv0000084cQHIAY",,"0054J000004vXPLQA2","0014J00000VvOLqQAN","012Pv0000021hzSIAQ","a1G4J0000025v24UAA","Activated","Ended","2020-09-02","2026-09-01","AST (Affordable)",,,"2024-06-28","0.00","0.00","Check Contract",,,,,,,,,,,,,,,,,,,,,,,,,,,,
"a24Pv000002Sh2TIAS","Cancelled","800Pv0000084WRKIA2",,"800Pv0000084WRKIA2",,"005Nz000000SWONIA4","0014J00000VvRdzQAF","012Pv0000021hzSIAQ","a1G4J0000025ugxUAA","Activated","Activated","2020-09-02","2026-09-01","AST (Affordable)",,,,"0.00","0.00","Check Contract",,,,,,,,,,,,,,,,,,,,,,,,,,,,
