Id,Status__c,Tenancy__c,Parent_Tenancy
a24Nz000000hLfVIAU,Cancelled,8008d000000YVIIAA4,
a24Nz000000hNz3IAE,Cancelled,8008d000000YVIIAA4,
a24Nz000000hQbxIAE,Complete,8008d000000YVIIAA4,
a24Nz000000hdanIAA,Cancelled,8008d000000YVIIAA4,
a24Nz000000iIcLIAU,Cancelled,8008d000000Y2p9AAC,
a24Nz000000icb3IAA,Cancelled,8008d000000YQrZAAW,
a24Nz000000jnz3IAA,Cancelled,8008d000000Y2p9AAC,
a24Nz000000joLdIAI,Cancelled,8008d000000Y2p9AAC,
a24Nz000000jqthIAA,Complete,800Nz000003H8M4IAK,
a24Nz000000kEuPIAU,Complete,800Nz000001HCHEIA4,
a24Nz000000kFgnIAE,Complete,8008d000000YZgDAAW,
a24Nz000000kIWbIAM,Closed - Tenant Retained,8008d000000Y4VeAAK,
a24Nz000000kJcLIAU,Complete,8008d000000Yby7AAC,
a24Nz000000kP0DIAU,Complete,8008d000000YamIAAS,
a24Nz000000kUfpIAE,Complete,800Nz000001hB9KIAU,
a24Nz000000kVjxIAE,Complete,8008d000000YfktAAC,
a24Nz000000kXaTIAU,Complete,8008d000000YpJ6AAK,
a24Nz000000kYOTIA2,Active,8008d000000Y1w8AAC,
a24Nz000000kZNlIAM,Complete,8008d000000YWztAAG,
a24Nz000000kalFIAQ,Complete,800Nz000001FNdIIAW,
a24Nz000000krnhIAA,Closed - Tenant Retained,800Nz000003MzXoIAK,
a24Nz000000kt7yIAA,Complete,8008d000000YZhkAAG,
a24Nz000000ktpWIAQ,Complete,800Nz000002GzMZIA0,
a24Nz000000kuTpIAI,Complete,8008d000000Ya3WAAS,
a24Nz000000kunBIAQ,Complete,8008d000000YcRAAA0,
a24Nz000000kvJRIAY,Complete,8008d000000YWh6AAG,
a24Nz000000kvePIAQ,Active,8008d000000YaPiAAK,
a24Nz000000kvjFIAQ,Complete,8008d000000YaBbAAK,
a24Nz000000kw2bIAA,Complete,800Nz0000016PftIAE,
a24Nz000000kxUvIAI,Complete,800Nz0000014NorIAE,
a24Nz000000kxl3IAA,Active,800Nz000002LZBXIA4,
a24Nz000000ky4QIAQ,Closed - Tenant Retained,800Nz000002aKiLIAU,
a24Nz000000kycHIAQ,Closed - Tenant Retained,8008d000000YZs9AAG,
a24Nz000000kzjdIAA,Active,8008d000000YeZfAAK,
a24Nz000000l0ZFIAY,Complete,8008d000000YYQDAA4,
a24Nz000000l1ALIAY,Active,800Nz000001Cqf6IAC,
a24Nz000000l1FBIAY,Complete,8008d000000YYCaAAO,
a24Nz000000l1K2IAI,Complete,8008d000000YWtHAAW,
a24Nz000000l1n3IAA,Complete,8008d000000YUzRAAW,
a24Nz000000l2ETIAY,Cancelled,8008d000000YCshAAG,
a24Nz000000l7vhIAA,Complete,8008d000000Y2EXAA0,
a24Nz000000l9MPIAY,Complete,800Nz000001g7w1IAA,
a24Nz000000l9PdIAI,Cancelled,800Nz000001TXxlIAG,
a24Nz000000l9hNIAQ,Complete,8008d000000YXGQAA4,
a24Nz000000lAiHIAU,Complete,8008d000000YVdaAAG,
a24Nz000000lFDJIA2,Complete,8008d000000Ya9BAAS,
a24Nz000000lSSHIA2,Complete,800Nz000000j6ZBIAY,
a24Nz000000lTwDIAU,Complete,800Nz000005aOU0IAM,
a24Nz000000lUgzIAE,Complete,8008d000000YI14AAG,
a24Nz000000lWVuIAM,Active,8008d000000Yb9XAAS,
a24Nz000000lY33IAE,Complete,8008d000000Yd5wAAC,
a24Nz000000lZyPIAU,Cancelled,8008d000000YnAtAAK,
a24Nz000000le3dIAA,Complete,8008d000000YZZqAAO,
a24Nz000000lfCbIAI,Active,800Nz000001i5puIAA,
a24Nz000000lfpKIAQ,Complete,8008d000000YU7hAAG,
a24Nz000000lg73IAA,Complete,800Nz000001A7cLIAS,
a24Nz000000lggXIAQ,Closed - Tenant Retained,800Nz0000018sFdIAI,
a24Nz000000lkx3IAA,Complete,800Nz000000xtqAIAQ,
a24Nz000000lmKYIAY,Complete,800Nz000001NmD7IAK,
a24Nz000000m13RIAQ,Cancelled,8008d000000XxkxAAC,
a24Nz000000m3oQIAQ,Complete,8008d000000YV1RAAW,
a24Nz000000m4XZIAY,Complete,8008d000000YlZ8AAK,
a24Nz000000m4niIAA,Complete,800Nz000000YOCpIAO,
a24Nz000000mFJJIA2,Complete,8008d000000YZ5gAAG,
a24Nz000000mGfBIAU,Complete,8008d000000YbZvAAK,
a24Nz000000mIlpIAE,Complete,800Nz000001PflsIAC,
a24Nz000000mULZIA2,Complete,8008d000000YXrDAAW,
a24Nz000000n5OMIAY,Complete,8008d000000YderAAC,
a24Nz000000n613IAA,Complete,8008d000000YbcVAAS,
a24Nz000000n7pxIAA,Complete,8008d000000YZEiAAO,
a24Nz000000n9jhIAA,Complete,8008d000000YY7fAAG,
a24Nz000000nHkUIAU,Cancelled,8008d000000YLFCAA4,
a24Nz000000nSJJIA2,Complete,800Nz000002EJfxIAG,
a24Nz000000nSj7IAE,Cancelled,8008d000000YczEAAS,
a24Nz000000nTDlIAM,Complete,800Nz000002FhVAIA0,
a24Nz000000nbG9IAI,Complete,8008d000000YgRCAA0,
a24Nz000000ncAbIAI,Active,8008d000000YaUiAAK,
a24Nz000000nrj7IAA,Complete,8008d000000YYPjAAO,
a24Nz000000ntJVIAY,Complete,8008d000000YcibAAC,
a24Nz000000nuPFIAY,Complete,8008d000000YfZEAA0,
a24Nz000000nuXJIAY,Complete,8008d000000YXOpAAO,
a24Nz000000nuaYIAQ,Complete,8008d000000Y30gAAC,
a24Nz000000nvgHIAQ,Complete,8008d000000YaIcAAK,
a24Nz000000nvpxIAA,Complete,8008d000000Y79yAAC,
a24Nz000000nwUHIAY,Cancelled,8008d000000YTBIAA4,
a24Nz000000nwdxIAA,Complete,8008d000000YWoMAAW,
a24Nz000000nzK5IAI,Closed - Tenant Retained,800Nz000001NgArIAK,
a24Nz000000o4MzIAI,Complete,800Nz000001D5aaIAC,
a24Nz000000o4d7IAA,Complete,8008d000000YYsNAAW,
a24Nz000000o8tdIAA,Complete,8008d000000Ya9fAAC,
a24Nz000000oAsDIAU,Complete,800Nz000000ZNTCIA4,
a24Nz000000oDenIAE,Complete,8008d000000YM4uAAG,
a24Nz000000oGw2IAE,Complete,8008d000000Ygu4AAC,
a24Nz000000oSIrIAM,Active,8008d000000Ycc9AAC,
a24Nz000000oW4jIAE,Complete,8008d000000YgRvAAK,
a24Nz000000oZXFIA2,Complete,8008d000000Yd6BAAS,
a24Nz000000oc0UIAQ,Complete,800Nz000000yEsyIAE,
a24Nz000000ocWjIAI,Closed - Tenant Retained,8008d000000YZjCAAW,
a24Nz000000odJ7IAI,Cancelled,800Nz000001vLvIIAU,
a24Nz000000ogGzIAI,Complete,8008d000000YSxLAAW,
a24Nz000000ohbGIAQ,Complete,8008d000000YWgmAAG,
a24Nz000000ohcrIAA,Closed - Tenant Retained,800Nz000001h5QZIAY,
a24Nz000000oiqfIAA,Complete,800Nz0000013aPtIAI,
a24Nz000000oj8PIAQ,Complete,8008d000000YdY0AAK,
a24Nz000000omELIAY,Complete,8008d000000Y1UlAAK,
a24Nz000000pAbdIAE,Complete,8008d000000Y6n7AAC,
a24Nz000000pBCjIAM,Complete,800Nz0000014OXuIAM,
a24Nz000000pC0jIAE,Complete,8008d000000YZZHAA4,
a24Nz000000pETzIAM,Complete,8008d000000YXwXAAW,
a24Nz000000pJ5RIAU,Complete,800Nz000000qa11IAA,
a24Nz000000pNKLIA2,Complete,800Nz000000dLmHIAU,
a24Nz000000pO57IAE,Closed - Tenant Retained,8008d000000YJm3AAG,
a24Nz000000pOoHIAU,Complete,8008d000000YZWSAA4,
a24Nz000000pUIbIAM,Complete,8008d000000YYJvAAO,
a24Nz000000pWHBIA2,Active,8008d000000YlsPAAS,
a24Nz000000pWKPIA2,Complete,8008d000000YdV1AAK,
a24Nz000000pWfNIAU,Complete,800Nz000003gVX7IAM,
a24Nz000000pXy1IAE,Active,800Nz000000vzehIAA,
a24Nz000000plxlIAA,Complete,800Nz000002NM1uIAG,
a24Nz000000pn6jIAA,Closed - Tenant Retained,8008d000000YQuEAAW,
a24Nz000000ppjdIAA,Closed - Tenant Retained,800Nz000001muTsIAI,
a24Nz000000pr8jIAA,Active,8008d000000YQ9wAAG,
a24Nz000000ptIbIAI,Complete,8008d000000YfJpAAK,
a24Nz000000ptQhIAI,Complete,8008d000000YgNeAAK,
a24Nz000000purNIAQ,Complete,8008d000000YWC1AAO,
a24Nz000000pzMXIAY,Complete,800Nz000001oClOIAU,
a24Nz000000q0tZIAQ,Complete,8008d000000YnezAAC,
a24Nz000000q5oPIAQ,Closed - Tenant Retained,8008d000000Ye7SAAS,
a24Nz000000qDIvIAM,Active,8008d000000YL6PAAW,
a24Nz000000qikvIAA,Complete,8008d000000YnB8AAK,
a24Nz000000qj2fIAA,Cancelled,800Nz000004CYgPIAW,
a24Nz000000qk3ZIAQ,Complete,8008d000000YfLMAA0,
a24Nz000000qlFlIAI,Closed - Tenant Retained,8008d000000YlppAAC,
a24Nz000000qne9IAA,Complete,800Nz000007gd2eIAA,
a24Nz000000qqLtIAI,Complete,8008d000000YUVKAA4,
a24Nz000000qqQjIAI,Complete,800Nz000000xtBqIAI,
a24Nz000000qzQnIAI,Complete,8008d000000YnDiAAK,
a24Nz000000r225IAA,Complete,8008d000000YPMVAA4,
a24Nz000000r8AjIAI,Complete,800Nz000003H0t9IAC,
a24Nz000000rODtIAM,Complete,8008d000000Yce0AAC,
a24Nz000000rPLFIA2,Complete,8008d000000YcqvAAC,
a24Nz000000rT3uIAE,Complete,8008d000000YcgzAAC,
a24Nz000000rUZRIA2,Complete,8008d000000Yb2RAAS,
a24Nz000000rXttIAE,Complete,800Nz000001uAdgIAE,
a24Nz000000rYJhIAM,Complete,8008d000000YoZlAAK,
a24Nz000000ra0XIAQ,Complete,800Nz000007KHorIAG,
a24Nz000000ragTIAQ,Complete,800Nz000005FTjkIAG,
a24Nz000000rbELIAY,Closed - Tenant Retained,8008d000000Yed8AAC,
a24Nz000000rcLhIAI,Complete,8008d000000YbJ9AAK,
a24Nz000000rcTlIAI,Cancelled,8008d000000YT3sAAG,
a24Nz000000rcrxIAA,Cancelled,8008d000000Y5ycAAC,
a24Nz000000rdPpIAI,Complete,8008d000000Yjr7AAC,
a24Nz000000rdfxIAA,Cancelled,8008d000000YZTdAAO,
a24Nz000000reCDIAY,Active,8008d000000YHMZAA4,
a24Nz000000rec2IAA,Complete,8008d000000YQdTAAW,
a24Nz000000rg2jIAA,Complete,800Nz000007gjw0IAA,
a24Nz000000rsn3IAA,Complete,800Nz000000aMziIAE,
a24Nz000000rsyLIAQ,Active,8008d000000YVHUAA4,
a24Nz000000rugnIAA,Complete,8008d000000Y3btAAC,
a24Nz000000runFIAQ,Complete,800Nz000002ykmwIAA,
a24Nz000000ruvJIAQ,Active,800Nz000002qAqBIAU,
a24Nz000000rwgzIAA,Complete,8008d000000Yaj4AAC,
a24Nz000000ryfZIAQ,Complete,800Nz000001iMIrIAM,
a24Nz000000rzbdIAA,Complete,8008d000000YaY6AAK,
a24Nz000000s1vCIAQ,Complete,8008d000000YcAOAA0,
a24Nz000000s2rFIAQ,Active,800Nz000000gVLyIAM,
a24Nz000000s35lIAA,Complete,8008d000000YFO3AAO,
a24Nz000000sDptIAE,Active,8008d000000YorGAAS,
a24Nz000000sFA9IAM,Active,800Nz000002wQAjIAM,
a24Nz000000sQheIAE,Complete,8008d000000YbqSAAS,
a24Nz000000sSTxIAM,Active,8008d000000YdhCAAS,
a24Nz000000sZATIA2,Cancelled,800Nz000000vvxpIAA,
a24Nz000000sbozIAA,Complete,8008d000000Yfa7AAC,
a24Nz000000seDNIAY,Complete,800Nz000001IJJtIAO,
a24Nz000000seIDIAY,Complete,8008d000000Ygp9AAC,
a24Nz000000sgBxIAI,Complete,800Nz0000027eSlIAI,
a24Nz000000si5hIAA,Complete,8008d000000YdX7AAK,
a24Nz000000siiPIAQ,Complete,800Nz000005vGmsIAE,
a24Nz000000su5FIAQ,Complete,800Nz000002qTjNIAU,
a24Nz000000svPVIAY,Complete,8008d000000YZM3AAO,
a24Nz000000sySEIAY,Complete,8008d000000XtT2AAK,
a24Nz000000t9dlIAA,Complete,800Nz000003g9ZvIAI,
a24Nz000000t9kDIAQ,Complete,800Nz000002dVNtIAM,
a24Nz000000tAI6IAM,Complete,800Nz000000vwp1IAA,
a24Nz000000tnEcIAI,Complete,8008d000000YdfuAAC,
a24Nz000000tnw9IAA,Complete,8008d000000YkLRAA0,
a24Nz000000to0zIAA,Complete,8008d000000YllxAAC,
a24Nz000000tosDIAQ,Complete,8008d000000YfLCAA0,
a24Nz000000tsCfIAI,Active,800Nz000003HQHSIA4,
a24Nz000000tspNIAQ,Complete,8008d000000YfM0AAK,
a24Nz000000ttooIAA,Complete,8008d000000Ye7SAAS,
a24Nz000000ttyLIAQ,Active,8008d000000YgnSAAS,
a24Nz000000tvdZIAQ,Complete,8008d000000YkTLAA0,
a24Nz000000tvwvIAA,Active,800Nz000001vLvIIAU,
a24Nz000000twxpIAA,Complete,800Nz000001muTsIAI,
a24Nz000000txFZIAY,Complete,800Nz000003HciMIAS,
a24Nz000000ty8PIAQ,Complete,8008d000000YfJLAA0,
a24Nz000000tz65IAA,Complete,8008d000000YbJJAA0,
a24Nz000000tzvhIAA,Complete,8008d000000YZqDAAW,
a24Nz000000u2WzIAI,Complete,8008d000000Yjw2AAC,
a24Nz000000u3CvIAI,Complete,800Nz0000026DxVIAU,
a24Nz000000u40vIAA,Active,8008d000000YO8kAAG,
a24Nz000000u4vNIAQ,Complete,800Nz0000016clEIAQ,
a24Nz000000uKX7IAM,Active,8008d000000YejkAAC,
a24Nz000000uMkDIAU,Cancelled,800Nz0000042JKVIA2,
a24Nz000000uNJhIAM,Complete,8008d000000Yb8KAAS,
a24Nz000000uOUIIA2,Closed - Tenant Retained,8008d000000YIVEAA4,
a24Nz000000uPRxIAM,Complete,8008d000000YkWFAA0,
a24Nz000000uPTZIA2,Complete,8008d000000YkpbAAC,
a24Nz000000uQpRIAU,Complete,800Nz000001yWEIIA2,
a24Nz000000uTvNIAU,Complete,800Nz000001TMixIAG,
a24Nz000000uWLNIA2,Complete,8008d000000YjnKAAS,
a24Nz000000ucVdIAI,Complete,800Nz000000sZK9IAM,
a24Nz000000ueh7IAA,Complete,8008d000000YbrLAAS,
a24Nz000000uf25IAA,Complete,8008d000000YZQpAAO,
a24Nz000000uwcQIAQ,Active,800Nz000001FFHcIAO,
a24Nz000000ux3pIAA,Closed - Tenant Retained,8008d000000YNq2AAG,
a24Nz000000uxtRIAQ,Complete,800Nz000000eDzaIAE,
a24Nz000000uxv3IAA,Complete,8008d000000YkydAAC,
a24Nz000000uyPhIAI,Active,8008d000000YnOlAAK,
a24Nz000000uzK9IAI,Active,800Nz000000pgOgIAI,
a24Nz000000v2TJIAY,Complete,8008d000000YcqQAAS,
a24Nz000000v3yrIAA,Complete,8008d000000YXkbAAG,
a24Nz000000v5B4IAI,Cancelled,800Nz0000012YwPIAU,
a24Nz000000v8AXIAY,Complete,800Nz000003PCNgIAO,
a24Nz000000v8QfIAI,Complete,800Nz000007dK9ZIAU,
a24Nz000000v8fCIAQ,Complete,800Nz000002DEvGIAW,
a24Nz000000vBpxIAE,Complete,8008d000000Yb9IAAS,
a24Nz000000vCUIIA2,Complete,800Nz0000048LxuIAE,
a24Nz000000vDRxIAM,Active,8008d000000YlHsAAK,
a24Nz000000vESrIAM,Complete,800Nz000001LrX7IAK,
a24Nz000000vGKzIAM,Complete,8008d000000YkWyAAK,
a24Nz000000vL6AIAU,Complete,8008d000000YeRgAAK,
a24Nz000000vV8jIAE,Complete,800Nz0000024fzlIAA,
a24Nz000000vVyLIAU,Complete,8008d000000YnJRAA0,
a24Nz000000vY09IAE,Active,8008d000000YeZzAAK,
a24Nz000000vapxIAA,Cancelled,8008d000000Y7kWAAS,
a24Nz000000vcerIAA,Closed - Tenant Retained,800Nz000000z900IAA,
a24Nz000000vkHSIAY,Complete,800Nz000004ULpaIAG,
a24Nz000000vvftIAA,Active,800Nz000000YLwWIAW,
a24Nz000000vwvJIAQ,Complete,800Nz000001AjecIAC,
a24Nz000000w18bIAA,Complete,800Nz000000yG8RIAU,
a24Nz000000w6ugIAA,Complete,800Nz000001Bp9xIAC,
a24Nz000000w8WfIAI,Complete,8008d000000YoebAAC,
a24Nz000000wBzBIAU,Complete,8008d000000YZZlAAO,
a24Nz000000x041IAA,Active,8008d000000YaonAAC,
a24Nz000000x0SDIAY,Complete,800Nz000002QbNmIAK,
a24Nz000000x293IAA,Active,800Nz000003yg4QIAQ,
a24Nz000000x33VIAQ,Complete,800Nz000002qMT8IAM,
a24Nz000000x50TIAQ,Complete,8008d000000YlGpAAK,
a24Nz000000x5uvIAA,Complete,800Nz000000j8eFIAQ,
a24Nz000000x7n5IAA,Complete,8008d000000YZw6AAG,
a24Nz000000x7tWIAQ,Complete,8008d000000YWnYAAW,
a24Nz000000x81ZIAQ,Complete,800Nz000002NMTNIA4,
a24Nz000000x8KvIAI,Complete,8008d000000Ym26AAC,
a24Nz000000x9KDIAY,Complete,800Nz000000mokEIAQ,
a24Nz000000xAhkIAE,Active,800Nz000002wjrfIAA,
a24Nz000000xC5BIAU,Active,800Nz0000045ir0IAA,
a24Nz000000xEzpIAE,Complete,8008d000000YeT3AAK,
a24Nz000000xFJBIA2,Cancelled,8008d000000YbmGAAS,
a24Nz000000xHZVIA2,Complete,8008d000000Ye05AAC,
a24Nz000000xIXBIA2,Active,800Nz000001A3CFIA0,
a24Nz000000xJHzIAM,Complete,800Nz0000015QxYIAU,
a24Nz000000xLGXIA2,Complete,800Nz000001o46KIAQ,
a24Nz000000xLI9IAM,Cancelled,800Nz000001o46KIAQ,
a24Nz000000xMJ3IAM,Complete,8008d000000YcAJAA0,
a24Nz000000xMNtIAM,Complete,8008d000000YfSSAA0,
a24Nz000000xZzSIAU,Closed - Tenant Retained,8008d000000Yjr2AAC,
a24Nz000000xb8PIAQ,Complete,8008d000000YdVBAA0,
a24Nz000000xcajIAA,Complete,800Nz000004QSstIAG,
a24Nz000000xd2AIAQ,Complete,800Nz000001oDazIAE,
a24Nz000000xdgTIAQ,Complete,8008d000000YJD2AAO,
a24Nz000000xdjhIAA,Complete,800Nz000001A1qSIAS,
a24Nz000000xf5aIAA,Complete,800Nz00000257FxIAI,
a24Nz000000xff3IAA,Complete,8008d000000Y2DtAAK,
a24Nz000000xgKzIAI,Complete,800Nz000000z3KPIAY,
a24Nz000000xhCDIAY,Complete,8008d000000YekTAAS,
a24Nz000000xkLNIAY,Complete,8008d000000YkMUAA0,
a24Nz000000xsScIAI,Closed - Tenant Retained,800Nz000001IDCpIAO,
a24Nz000000xuJ8IAI,Complete,8008d000000YdWFAA0,
a24Nz000000xwb3IAA,Complete,8008d000000YCX9AAO,
a24Nz000000xx5hIAA,Cancelled,800Nz000001rJ7FIAU,
a24Nz000000y9YHIAY,Complete,8008d000000YRIfAAO,
a24Nz000000yAkTIAU,Complete,8008d000000YluGAAS,
a24Nz000000yAvlIAE,Complete,8008d000000Yf9pAAC,
a24Nz000000yHfVIAU,Closed - Tenant Retained,800Nz000007jPBJIA2,
a24Nz000000yLXpIAM,Complete,8008d000000YouUAAS,
a24Nz000000ySKnIAM,Active,8008d000000YNCgAAO,
a24Nz000000yUjBIAU,Close - NTQ Denied,8008d000000YamSAAS,
a24Nz000000ynlqIAA,Complete,800Nz000002SEbiIAG,
a24Nz000000yoYDIAY,Active,8008d000000YmnpAAC,
a24Nz000000yrRFIAY,Complete,800Nz000003ALubIAG,
a24Nz000000ytknIAA,Complete,8008d000000YgBiAAK,
a24Nz000000yy1JIAQ,Complete,8008d000000YQfsAAG,
a24Nz000000z0XlIAI,Complete,8008d000000YnmKAAS,
a24Nz000000z0j3IAA,Complete,8008d000000Yns3AAC,
a24Nz000000z0pVIAQ,Complete,8008d000000YkXmAAK,
a24Nz000000zKTFIA2,Active,8008d000000YXG6AAO,
a24Nz000000zLvZIAU,Complete,8008d000000YejpAAC,
a24Nz000000zMDJIA2,Active,8008d000000YY1NAAW,
a24Nz000000zo6LIAQ,Complete,8008d000000YZhLAAW,
a24Nz0000010FPtIAM,Complete,8008d000000YekOAAS,
a24Nz0000010FjFIAU,Complete,8008d000000Ydv0AAC,
a24Nz0000010G7RIAU,Active,800Nz000000gdLGIAY,
a24Nz0000010GXFIA2,Complete,8008d000000YbSaAAK,
a24Nz0000010J8XIAU,Complete,8008d000000YgozAAC,
a24Nz0000010JzlIAE,Complete,8008d000000Yd6GAAS,
a24Nz0000010KcTIAU,Complete,8008d000000YFxFAAW,
a24Nz0000010KfhIAE,Complete,8008d000000YcpIAAS,
a24Nz0000010M4nIAE,Complete,8004J000001J0kIQAS,
a24Nz0000010MXpIAM,Complete,800Nz000001WZS2IAO,
a24Nz0000010NP3IAM,Complete,8008d000000YkrwAAC,
a24Nz0000010Og5IAE,Complete,800Nz000008qs6FIAQ,
a24Nz0000010WqXIAU,Complete,8008d000000YOVfAAO,
a24Nz0000010sXhIAI,Complete,8008d000000YlVfAAK,
a24Nz0000010sr3IAA,Complete,800Nz000000gm8HIAQ,
a24Nz0000010u85IAA,Complete,8008d000000YcfIAAS,
a24Nz0000010xHFIAY,Complete,8008d000000YbNVAA0,
a24Nz0000010yEwIAI,Complete,800Nz000000rYgHIAU,
a24Nz00000110qDIAQ,Complete,800Nz000001yY1RIAU,
a24Nz00000112btIAA,Complete,8008d000000YVeYAAW,
a24Nz000001142bIAA,Complete,800Nz0000030nusIAA,
a24Nz00000116h7IAA,Complete,800Nz000005MEPqIAO,
a24Nz0000011CbFIAU,Complete,800Nz000002xSLiIAM,
a24Nz0000011FXVIA2,Complete,800Nz000005xn3RIAQ,
a24Nz0000011UQ5IAM,Pending Cancel/Close,800Nz000001WMkqIAG,
a24Nz0000011UjSIAU,Complete,8008d000000YjzBAAS,
a24Nz0000011VNlIAM,Complete,8008d000000Yb6nAAC,
a24Nz0000011W5JIAU,Complete,8008d000000YkuRAAS,
a24Nz0000011X7pIAE,Complete,800Nz0000012XydIAE,
a24Nz0000011ZftIAE,Cancelled,8008d000000YlG6AAK,
a24Nz0000011ZkjIAE,Complete,8008d000000Yfi1AAC,
a24Nz0000011bszIAA,Complete,8008d000000YfYVAA0,
a24Nz0000011d5BIAQ,Complete,800Nz000007xLB6IAM,
a24Nz0000011eUJIAY,Complete,8008d000000Xv4BAAS,
a24Nz0000011gmDIAQ,Complete,8008d000000Ymv9AAC,
a24Nz0000011iGAIAY,Active,800Nz0000020KNXIA2,
a24Nz0000011m3dIAA,Pending Cancel/Close,800Nz000004h5GlIAI,
a24Nz0000011p9ZIAQ,Complete,800Nz000001pHBDIA2,
a24Nz00000128s9IAA,Complete,8008d000000Ym7pAAC,
a24Nz0000012A5xIAE,Complete,800Nz000001myB8IAI,
a24Nz0000012DqDIAU,Complete,8008d000000YkEVAA0,
a24Nz0000012I0IIAU,Complete,8008d000000YBapAAG,
a24Nz0000012JcHIAU,Complete,800Nz000000qpCvIAI,
a24Nz0000012LmBIAU,Complete,800Nz000003H82sIAC,
a24Nz0000012OGzIAM,Complete,8008d000000YbT4AAK,
a24Nz0000012RbSIAU,Complete,800Nz00000288QgIAI,
a24Nz0000012RoLIAU,Complete,8008d000000YlafAAC,
a24Nz0000012RzdIAE,Complete,8008d000000YnqCAAS,
a24Nz0000012SsTIAU,Active,8008d000000YkL2AAK,
a24Nz0000012Y1qIAE,Active,800Nz000001LrnAIAS,
a24Nz0000012ardIAA,Complete,800Nz000000qYs3IAE,
a24Nz0000012oucIAA,Complete,800Nz000007AvfTIAS,
a24Nz0000012qWbIAI,Active,800Nz000001JLOMIA4,
a24Nz0000012qtBIAQ,Complete,800Nz000003Gx16IAC,
a24Nz0000012vHlIAI,Complete,8008d000000YejuAAC,
a24Nz0000012wDpIAI,Complete,8008d000000YXwIAAW,
a24Nz0000012wc1IAA,Closed - Tenant Retained,8008d000000YgIPAA0,
a24Nz0000012ykHIAQ,Complete,800Nz000000YLd7IAG,
a24Nz00000130NuIAI,Complete,800Nz000005K5GtIAK,
a24Nz0000013593IAA,Complete,8008d000000YlSlAAK,
a24Nz00000135k9IAA,Complete,800Nz000000pO8QIAU,
a24Nz000001361tIAA,Active,8008d000000YnNsAAK,
a24Nz00000137KXIAY,Active,800Nz000001zzXbIAI,
a24Nz0000013LSLIA2,Complete,800Nz000001h5GpIAI,
a24Nz0000013tFVIAY,Complete,8008d000000YonOAAS,
a24Nz0000013tU1IAI,Complete,800Nz0000056hvSIAQ,
a24Nz0000013vHJIAY,Complete,800Nz000000kpu3IAA,
a24Nz0000013vlxIAA,Complete,8008d000000YdG1AAK,
a24Nz0000013w0TIAQ,Active,8004J000000Bd43QAC,
a24Nz0000013x6DIAQ,Cancelled,800Nz000002FW6jIAG,
a24Nz0000013x9RIAQ,Complete,8008d000000YercAAC,
a24Nz0000013xZFIAY,Complete,800Nz0000014QszIAE,
a24Nz0000013xfhIAA,Complete,800Nz000000fShtIAE,
a24Nz0000014045IAA,Complete,8008d000000YaYBAA0,
a24Nz00000140AXIAY,Complete,8008d000000YdELAA0,
a24Nz00000145dFIAQ,Complete,800Nz000006wiv0IAA,
a24Nz0000014AhlIAE,Complete,8008d000000YkrDAAS,
a24Nz0000014BXNIA2,Complete,8008d000000YgLsAAK,
a24Nz0000014C3dIAE,Complete,8008d000000YVCPAA4,
a24Nz0000014DnhIAE,Closed - Tenant Retained,8008d000000YaUsAAK,
a24Nz0000014FBBIA2,Complete,800Nz000002LlnmIAC,
a24Nz0000014VFyIAM,Complete,8008d000000YnTIAA0,
a24Nz0000014WiHIAU,Active,800Nz0000072tR0IAI,
a24Nz0000014X4rIAE,Complete,8008d000000YbobAAC,
a24Nz0000014lJ8IAI,Complete,800Nz0000029h4nIAA,
a24Nz0000014r5BIAQ,Complete,800Nz000003H9jbIAC,
a24Nz0000014t3lIAA,Closed - Tenant Retained,8008d000000YCkrAAG,
a24Nz0000014wUfIAI,Active,800Nz0000079CNqIAM,
a24Nz0000014yQ1IAI,Complete,800Nz000004hv3zIAA,
a24Nz0000015DLqIAM,Complete,8008d000000YgFQAA0,
a24Nz0000015DvJIAU,Complete,800Nz0000014OPpIAM,
a24Nz0000015DyYIAU,Active,8008d000000YBSVAA4,
a24Nz0000015G3ZIAU,Cancelled,800Nz000009SIUgIAO,
a24Nz0000015GRlIAM,Active,8008d000000YmxBAAS,
a24Nz0000015GoLIAU,Complete,800Nz000007HKj9IAG,
a24Nz0000015K5ZIAU,Closed - Tenant Retained,800Nz000000z900IAA,
a24Nz0000015MtlIAE,Active,800Nz000002FnwyIAC,
a24Nz0000015NxtIAE,Active,8008d000000Y7r3AAC,
a24Nz0000015P8UIAU,Active,8008d000000YXDqAAO,
a24Nz0000015QHRIA2,Complete,8008d000000YkrmAAC,
a24Nz0000015QvlIAE,Complete,8008d000000YgFGAA0,
a24Nz0000015RbhIAE,Complete,800Nz000009Mm5eIAC,
a24Nz0000015SEQIA2,Closed - Tenant Retained,8008d000000YOo0AAG,
a24Nz0000015SJFIA2,Complete,8008d000000Ykp7AAC,
a24Nz0000015WoHIAU,Complete,8008d000000YkfHAAS,
a24Nz0000015X2nIAE,Complete,8008d000000Y8ElAAK,
a24Nz0000015ZHVIA2,Complete,8008d000000YKz4AAG,
a24Nz0000015ZnlIAE,Active,8008d000000YoPMAA0,
a24Nz0000015aIPIAY,Complete,800Nz000006KXHaIAO,
a24Nz0000015alRIAQ,Cancelled,8008d000000YfTQAA0,
a24Nz0000015aqHIAQ,Complete,8008d000000Ycl1AAC,
a24Nz0000015nAnIAI,Complete,8008d000000YdWnAAK,
a24Nz0000015p1KIAQ,Complete,8008d000000YjtOAAS,
a24Nz0000015rcbIAA,Active,8008d000000Ye6wAAC,
a24Nz0000015reDIAQ,Complete,8008d000000YffgAAC,
a24Nz0000015rmHIAQ,Complete,8008d000000Yk6MAAS,
a24Nz0000015t1hIAA,Complete,800Nz000008ISEDIA4,
a24Nz0000015zlRIAQ,Complete,800Nz000000yHsSIAU,
a24Nz00000162ZdIAI,Complete,8008d000000YaBvAAK,
a24Nz00000163XJIAY,Complete,8008d000000YgFpAAK,
a24Nz00000166wbIAA,Active,800Nz0000014dbvIAA,
a24Nz0000016FtRIAU,Complete,800Nz0000061WYhIAM,
a24Nz0000016G9ZIAU,Active,8008d000000YkmrAAC,
a24Nz0000016RRaIAM,Active,8008d000000YoQ0AAK,
a24Nz0000016RWPIA2,Complete,8008d000000Yls5AAC,
a24Nz0000016YG9IAM,Complete,8008d000000YmqiAAC,
a24Nz0000016aTFIAY,Complete,8008d000000Ym8dAAC,
a24Nz0000016k1BIAQ,Complete,800Nz000000lv7kIAA,
a24Nz0000016l25IAA,Complete,8008d000000YoayAAC,
a24Nz0000017BsbIAE,Complete,8008d000000Yp5TAAS,
a24Nz0000017CaAIAU,Complete,800Nz000005FbR3IAK,
a24Nz0000017CjpIAE,Complete,800Nz000007fvzBIAQ,
a24Nz0000017EvJIAU,Complete,8008d000000YcT1AAK,
a24Nz0000017G7VIAU,Cancelled,8008d000000YA2PAAW,
a24Nz0000017GfOIAU,Complete,8008d000000Yi4KAAS,
a24Nz0000017H6nIAE,Complete,8008d000000YSh0AAG,
a24Nz0000017JzpIAE,Complete,8008d000000YoaKAAS,
a24Nz0000017K9VIAU,Complete,8008d000000YkoiAAC,
a24Nz0000017LaDIAU,Complete,800Nz000002uwrZIAQ,
a24Nz0000017OUrIAM,Complete,800Nz0000037Zx9IAE,
a24Nz0000017SYTIA2,Complete,8008d000000YgM2AAK,
a24Nz0000017ZTVIA2,Complete,8008d000000Ym1SAAS,
a24Nz0000017cj7IAA,Complete,8008d000000YgsnAAC,
a24Nz0000017nWTIAY,Cancelled,800Nz000001Cs7XIAS,
a24Nz0000017pTSIAY,Complete,8008d000000YbOdAAK,
a24Nz0000017pbVIAQ,Closed - Tenant Retained,800Nz000000z674IAA,
a24Nz0000017rAHIAY,Complete,8008d000000YXbZAAW,
a24Nz0000017sj3IAA,Complete,8008d000000YkCyAAK,
a24Nz0000017vc5IAA,Cancelled,800Nz0000046GnvIAE,
a24Nz0000017viXIAQ,Active,8008d000000YVK4AAO,
a24Nz0000017wpuIAA,Complete,800Nz0000015Sb1IAE,
a24Nz0000017zW1IAI,Active,8008d000000YgIPAA0,
a24Nz0000018309IAA,Complete,800Nz000000XGcJIAW,
a24Nz00000183GHIAY,Complete,8008d000000Y5KGAA0,
a24Nz00000183rNIAQ,Complete,800Nz000002EJWYIA4,
a24Nz00000184fNIAQ,Complete,8008d000000YdT5AAK,
a24Nz00000186CXIAY,Complete,8008d000000YVkRAAW,
a24Nz00000186fZIAQ,Cancelled,800Nz000001cOX2IAM,
a24Nz0000018A1dIAE,Complete,8008d000000YXaWAAW,
a24Nz0000018HnuIAE,Complete,8008d000000YnvgAAC,
a24Nz0000018S9pIAE,Complete,8008d000000YktJAAS,
a24Nz0000018Z01IAE,Complete,800Nz000005gU3oIAE,
a24Nz0000018a0vIAA,Complete,8008d000000YeeaAAC,
a24Nz0000018bQ1IAI,Active,800Nz000003TQgZIAW,
a24Nz0000018cabIAA,Complete,8008d000000YNpsAAG,
a24Nz0000018dTRIAY,Active,8008d000000YWh1AAG,
a24Nz0000018qnFIAQ,Complete,800Nz000007O96JIAS,
a24Nz0000018qthIAA,Complete,8008d000000YXqUAAW,
a24Nz0000018rbFIAQ,Active,8008d000000YnI9AAK,
a24Nz0000018s7VIAQ,Complete,8008d000000YfjWAAS,
a24Nz0000018sHBIAY,Complete,8008d000000YnbMAAS,
a24Nz0000018zovIAA,Complete,8008d000000YgmoAAC,
a24Nz000001956LIAQ,Active,800Nz000003RbUwIAK,
a24Nz00000195XlIAI,Complete,8008d000000Yk7tAAC,
a24Nz00000198IjIAI,Cancelled,800Nz000003FCVOIA4,
a24Nz0000019JPRIA2,Complete,8008d000000YnbRAAS,
a24Nz0000019JUHIA2,Complete,800Nz000001PesxIAC,
a24Nz0000019LO1IAM,Active,800Nz000000dNRPIA2,
a24Nz0000019QE1IAM,Complete,800Nz000001gynNIAQ,
a24Nz0000019VdWIAU,Active,800Nz000001Nf58IAC,
a24Nz0000019W6XIAU,Active,8008d000000YbQ0AAK,
a24Nz0000019YzZIAU,Cancelled,800Nz000004CKlTIAW,
a24Nz0000019ZUDIA2,Complete,8008d000000YnziAAC,
a24Nz0000019aN3IAI,Complete,800Nz000001dTUcIAM,
a24Nz0000019bJ7IAI,Complete,800Nz000000pMxmIAE,
a24Nz0000019mEXIAY,Cancelled,8008d000000YlsFAAS,
a24Nz000001AJ41IAG,Closed - Tenant Retained,800Nz000000m7nDIAQ,
a24Nz000001AKBNIA4,Complete,800Nz000002FkqzIAC,
a24Nz000001AL7RIAW,Complete,8008d000000YlsFAAS,
a24Nz000001ANduIAG,Active,8008d000000YpAeAAK,
a24Nz000001APUQIA4,Complete,800Nz000006KuQwIAK,
a24Nz000001APZFIA4,Complete,800Nz000004XMNoIAO,
a24Nz000001ARXqIAO,Complete,8008d000000YXu2AAG,
a24Nz000001ATubIAG,Complete,800Nz000004mxuoIAA,
a24Nz000001AVrZIAW,Complete,800Nz000000XwurIAC,
a24Nz000001AWNqIAO,Active,800Nz000000ioZAIAY,
a24Nz000001AWj4IAG,Complete,800Nz000000dMiIIAU,
a24Nz000001AXADIA4,Complete,8008d000000Y0zaAAC,
a24Nz000001AXi5IAG,Complete,8004J000000BfQzQAK,
a24Nz000001AnbZIAS,Active,800Nz000000kswjIAA,
a24Nz000001AoPZIA0,Complete,8008d000000YnpJAAS,
a24Nz000001AocTIAS,Complete,8008d000000Yb6EAAS,
a24Nz000001AqxeIAC,Closed - Tenant Retained,8008d000000YjoXAAS,
a24Nz000001Ar7JIAS,Complete,8008d000000Yk1bAAC,
a24Nz000001ArfBIAS,Complete,800Nz000001x228IAA,
a24Nz000001As0AIAS,Active,8008d000000YiBQAA0,
a24Nz000001AuZrIAK,Complete,800Nz000004xNcfIAE,
a24Nz000001AuunIAC,Complete,8008d000000YcqVAAS,
a24Nz000001AvajIAC,Complete,8008d000000YZwfAAG,
a24Nz000001AzODIA0,Active,8008d000000YoNQAA0,
a24Nz000001B742IAC,Complete,8008d000000YpLMAA0,
a24Nz000001B7wrIAC,Complete,8008d000000YgNpAAK,
a24Nz000001BMO1IAO,Complete,8008d000000Ye8nAAC,
a24Nz000001BNDdIAO,Complete,8008d000000XtXTAA0,
a24Nz000001BNdRIAW,Complete,8008d000000Ye7GAAS,
a24Nz000001BPovIAG,Pending Cancel/Close,800Nz000008KPSQIA4,
a24Nz000001BRE1IAO,Complete,8008d000000YluQAAS,
a24Nz000001BRM5IAO,Active,800Nz000008IdzNIAS,
a24Nz000001BT4XIAW,Complete,8008d000000YjxAAAS,
a24Nz000001BUlNIAW,Complete,800Nz000001iCTFIA2,
a24Nz000001BXZZIA4,Complete,8008d000000YbIBAA0,
a24Nz000001BYCHIA4,Active,8008d000000Yn1CAAS,
a24Nz000001BZTJIA4,Complete,8008d000000YkAnAAK,
a24Nz000001BZptIAG,Active,8008d000000YcbaAAC,
a24Nz000001BZwLIAW,Cancelled,8008d000000Yk9uAAC,
a24Nz000001BaUDIA0,Cancelled,8008d000000Yk9uAAC,
a24Nz000001BbV8IAK,Complete,8008d000000YglRAAS,
a24Nz000001BfvJIAS,Complete,800Nz000004XzgkIAC,
a24Nz000001BrtGIAS,Complete,800Nz000000aKLDIA2,
a24Nz000001BvAUIA0,Cancelled,800Nz000003QqJ1IAK,
a24Nz000001BvGvIAK,Complete,8008d000000YkAOAA0,
a24Nz000001BwEbIAK,Complete,8008d000000YjynAAC,
a24Nz000001Bwo5IAC,Complete,800Nz000007iaDTIAY,
a24Nz000001BwrJIAS,Complete,800Nz000007im3JIAQ,
a24Nz000001Bx2bIAC,Active,800Nz000000j5MxIAI,
a24Nz000001C0i1IAC,Closed - Tenant Retained,8008d000000Xya7AAC,
a24Nz000001C2LdIAK,Active,8008d000000Xx0fAAC,
a24Nz000001C2WvIAK,Complete,8008d000000YcAiAAK,
a24Nz000001C3SzIAK,Complete,8008d000000YlsjAAC,
a24Nz000001C6AjIAK,Complete,8008d000000Yk9uAAC,
a24Nz000001C78PIAS,Active,8008d000000YktOAAS,
a24Nz000001C7wQIAS,Active,800Nz000005T2lHIAS,
a24Nz000001C8UHIA0,Active,8008d000000Yk4zAAC,
a24Nz000001CAhOIAW,Complete,800Nz000005m2O4IAI,
a24Nz000001CCb7IAG,Active,800Nz000001h2pEIAQ,
a24Nz000001CFU9IAO,Complete,800Nz000004q4riIAA,
a24Nz000001CWhtIAG,Complete,800Nz000000X1a1IAC,
a24Nz000001CWunIAG,Complete,800Nz0000014LAHIA2,
a24Nz000001CbknIAC,Complete,800Nz0000024fHxIAI,
a24Nz000001CfQFIA0,Complete,800Nz000005ryO9IAI,
a24Nz000001ClFVIA0,Complete,8008d000000YZsJAAW,
a24Nz000001Cn2nIAC,Complete,8008d000000Ygh5AAC,
a24Nz000001DNuHIAW,Complete,800Nz0000018m8dIAA,
a24Nz000001DPKzIAO,Closed - Tenant Retained,8008d000000YobmAAC,
a24Nz000001DPmPIAW,Active,800Nz000001bFxBIAU,
a24Nz000001DPzJIAW,Active,8008d000000YnqlAAC,
a24Nz000001DUKfIAO,Active,8008d000000YZFMAA4,
a24Nz000001DUZBIA4,Complete,800Nz000002IW6kIAG,
a24Nz000001DXATIA4,Complete,800Nz000007uElsIAE,
a24Nz000001DY4vIAG,Active,8008d000000YlrWAAS,
a24Nz000001Da8LIAS,Complete,800Nz000000X2pTIAS,
a24Nz000001DblxIAC,Closed - Tenant Retained,8008d000000Yk91AAC,
a24Nz000001DcmrIAC,Active,800Nz000000Xq4mIAC,
a24Nz000001Dd7pIAC,Active,800Nz0000050EjWIAU,
a24Nz000001DdEHIA0,Active,800Nz000000x0ATIAY,
a24Nz000001DdHVIA0,Complete,800Nz000000qYU0IAM,
a24Nz000001DgiPIAS,Complete,800Nz000001aA6rIAE,
a24Nz000001DgorIAC,Complete,8008d000000YpHZAA0,
a24Nz000001Dh09IAC,Complete,8008d000000YfKLAA0,
a24Nz000001Dh6bIAC,Active,8008d000000YehUAAS,
a24Nz000001Dy5pIAC,Complete,800Nz000002xLLzIAM,
a24Nz000001DyH7IAK,Active,800Nz000002OXbMIAW,
a24Nz000001Dz0HIAS,Complete,8008d000000YfaHAAS,
a24Nz000001DzGPIA0,Complete,800Nz000000imlmIAA,
a24Nz000001DzptIAC,Closed - Tenant Retained,800Nz000005gOUVIA2,
a24Nz000001DzxxIAC,Complete,8008d000000YnCLAA0,
a24Nz000001E07dIAC,Active,8008d000000YfKxAAK,
a24Nz000001E0E5IAK,Complete,800Nz000002djYuIAI,
a24Nz000001E18XIAS,Complete,8008d000000Y8GrAAK,
a24Nz000001E21NIAS,Complete,8008d000000Y8qbAAC,
a24Nz000001E5FNIA0,Complete,8008d000000Ym0ZAAS,
a24Nz000001E64zIAC,Active,800Nz000000izkcIAA,
a24Nz000001E8BdIAK,Active,8008d000000YjufAAC,
a24Nz000001E9MDIA0,Complete,800Nz000005MRYAIA4,
a24Nz000001EAOkIAO,Complete,8008d000000Y7L6AAK,
a24Nz000001ECQXIA4,Complete,8008d000000YbbmAAC,
a24Nz000001EIEDIA4,Active,800Nz000000ilONIAY,
a24Nz000001EIqvIAG,Complete,800Nz000002Fu0uIAC,
a24Nz000001EJTdIAO,Complete,800Nz000004JOh6IAG,
a24Nz000001EV09IAG,Complete,800Nz000001ua1uIAA,
a24Nz000001EV1lIAG,Complete,8008d000000Yg9SAAS,
a24Nz000001EYSfIAO,Complete,8008d000000YEVHAA4,
a24Nz000001EaizIAC,Closed - Tenant Retained,800Nz000000Z8AnIAK,
a24Nz000001EfxCIAS,Complete,8008d000000YkAdAAK,
a24Nz000001EfyoIAC,Complete,800Nz00000537gcIAA,
a24Nz000001EgYHIA0,Complete,800Nz000003Ak1aIAC,
a24Nz000001EgbVIAS,Active,8008d000000YaqFAAS,
a24Nz000001Ej4jIAC,Active,8008d000000YQ6JAAW,
a24Nz000001ElhdIAC,Complete,8008d000000YkAsAAK,
a24Nz000001EljFIAS,Complete,8008d000000YkAtAAK,
a24Nz000001Elo5IAC,Complete,8008d000000YkBCAA0,
a24Nz000001EnzZIAS,Complete,8008d000000YUEnAAO,
a24Nz000001F5RpIAK,Active,800Nz000002LzFTIA0,
a24Nz000001F669IAC,Active,800Nz000002FYTHIA4,
a24Nz000001F6e1IAC,Active,800Nz000002cNgxIAE,
a24Nz000001F7BtIAK,Active,8008d000000YnY8AAK,
a24Nz000001F7ztIAC,Active,8008d000000Yod4AAC,
a24Nz000001F8j3IAC,Active,8008d000000YpXJAA0,
a24Nz000001F9GvIAK,Active,8008d000000Ykp2AAC,
a24Nz000001FAEcIAO,Active,8008d000000YlUxAAK,
a24Nz000001FBnNIAW,Active,8008d000000YntzAAC,
a24Nz000001FDSbIAO,Active,8008d000000YnJWAA0,
a24Nz000001FDafIAG,Active,8008d000000Ymj8AAC,
a24Nz000001FDijIAG,Complete,8008d000000YZpyAAG,
a24Nz000001FEGbIAO,Complete,8008d000000YnTNAA0,
a24Nz000001FERtIAO,Complete,8008d000000YRfHAAW,
a24Nz000001FG3tIAG,Active,8008d000000Ym5KAAS,
a24Nz000001FIdaIAG,Active,8008d000000Yoi9AAC,
a24Nz000001FKNdIAO,Active,800Nz0000037t1IIAQ,
a24Nz000001FM9JIAW,Active,800Nz000001BxqbIAC,
a24Nz000001FbI1IAK,Active,8008d000000YlppAAC,
a24Nz000001FfVJIA0,Active,800Nz000000zBwOIAU,
a24Nz000001FhFOIA0,Complete,8008d000000Y6n3AAC,
a24Nz000001GqlFIAS,Active,800Nz000001gKGJIA2,
a24Nz000001GrFtIAK,Cancelled,8008d000000Yp91AAC,
a24Nz000001GsThIAK,Active,8008d000000YbPlAAK,
a24Nz000001GslRIAS,Active,800Nz0000014PLqIAM,
a24Nz000001GszxIAC,Complete,8008d000000Ye2zAAC,
a24Nz000001Gv3eIAC,Complete,800Nz00000AZQ6pIAH,
a24Nz000001GvPxIAK,Complete,8008d000000Ym1NAAS,
a24Nz000001GwibIAC,Pending Cancel/Close,800Nz000000zFQOIA2,
a24Nz000001GwlpIAC,Complete,8008d000000YfLlAAK,
a24Nz000001GxI7IAK,Active,800Nz000002wYEiIAM,
a24Nz000001GxZpIAK,Active,800Nz000000l3LqIAI,
a24Nz000001Gy9KIAS,Complete,8008d000000Ym9RAAS,
a24Nz000001GzWnIAK,Closed - Tenant Retained,800Nz00000817ipIAA,
a24Nz000001H0PdIAK,Complete,800Nz0000014k8XIAQ,
a24Nz000001H1OvIAK,Active,800Nz000000muWKIAY,
a24Nz000001H1iHIAS,Closed - Tenant Retained,800Nz000007mKzvIAE,
a24Nz000001H29hIAC,Closed - Tenant Retained,800Nz000007mSR3IAM,
a24Nz000001H2JNIA0,Complete,800Nz000008woKpIAI,
a24Nz000001H3CDIA0,Complete,8008d000000YnK5AAK,
a24Nz000001H3s9IAC,Complete,800Nz000005xfPMIAY,
a24Nz000001H5KTIA0,Active,800Nz000000x0ycIAA,
a24Nz000001H6BiIAK,Complete,800Nz000002jlEXIAY,
a24Nz000001HIKvIAO,Active,8008d000000Yed3AAC,
a24Nz000001HJ0rIAG,Complete,8008d000000Y5ixAAC,
a24Nz000001HJFNIA4,Active,8008d000000YnMXAA0,
a24Nz000001HJIbIAO,Active,800Nz000003MuA0IAK,
a24Nz000001HYzBIAW,Active,800Nz000000jxNJIAY,
a24Nz000001Hd9FIAS,Complete,8008d000000YpA4AAK,
a24Nz000001HiC9IAK,Active,800Nz0000026A28IAE,
a24Nz000001HiKDIA0,Active,800Nz000002ZkoeIAC,
a24Nz000001HidZIAS,Active,800Nz000000aKwLIAU,
a24Nz000001HjhhIAC,Active,800Nz000001i3PvIAI,
a24Nz000001HkAjIAK,Active,8008d000000Yp8rAAC,
a24Nz000001HkfNIAS,Closed - Tenant Retained,8008d000000YB2mAAG,
a24Nz000001HlA1IAK,Active,800Nz000000rTyTIAU,
a24Nz000001HlWbIAK,Active,8008d000000YpGCAA0,
a24Nz000001HmdxIAC,Active,8008d000000Yoa0AAC,
a24Nz000001HsZhIAK,Active,8008d000000YlNqAAK,
a24Nz000001HvSjIAK,Complete,8008d000000YnUGAA0,
a24Nz000001Hve3IAC,Active,8008d000000Yp2PAAS,
a24Nz000001HwF7IAK,Active,800Nz000000ikDgIAI,
a24Nz000001IBcLIAW,Complete,8008d000000YZPbAAO,
a24Nz000001IDeBIAW,Active,8008d000000YpWpAAK,
a24Nz000001IHZhIAO,Complete,8008d000000YkV8AAK,
a24Nz000001IIUAIA4,Active,800Nz000001FSgAIAW,
a24Nz000001IIltIAG,Active,8008d000000YOTyAAO,
a24Nz000001IJEvIAO,Complete,8008d000000Y86DAAS,
a24Nz000001IK2wIAG,Active,8008d000000YmtrAAC,
a24Nz000001ILv3IAG,Complete,8008d000000YPfrAAG,
a24Nz000001IM37IAG,Active,8008d000000YmuGAAS,
a24Nz000001IM7xIAG,Complete,8008d000000Yn04AAC,
a24Nz000001IMUXIA4,Cancelled,800Nz000000jy03IAA,
a24Nz000001IMcbIAG,Active,8008d000000Ygz9AAC,
a24Nz000001IMvxIAG,Active,8008d000000YngWAAS,
a24Nz000001IP0zIAG,Complete,8008d000000YjkBAAS,
a24Nz000001IZrZIAW,Active,8008d000000YeSKAA0,
a24Nz000001IbesIAC,Active,800Nz000000W67BIAS,
a24Nz000001IdITIA0,Complete,8008d000000Ym0PAAS,
a24Nz000001IdwnIAC,Active,800Nz0000026gl4IAA,
a24Nz000001Ie3GIAS,Complete,800Nz000005J455IAC,
a24Nz000001IspNIAS,Active,800Nz000003N35BIAS,
a24Nz000001ItFBIA0,Active,800Nz000001vZJzIAM,
a24Nz000001IvNRIA0,Active,8008d000000YkVHAA0,
a24Nz000001IvTtIAK,Active,800Nz000000qpZXIAY,
a24Nz000001IvX7IAK,Active,800Nz000005d3paIAA,
a24Nz000001J1B7IAK,Active,800Nz000001LaRQIA0,
a24Nz000001J2FWIA0,Active,8008d000000YYhjAAG,
a24Nz000001J34rIAC,Complete,8008d000000YdoYAAS,
a24Nz000001J3xhIAC,Active,800Nz000000k5UZIAY,
a24Nz000001J4AbIAK,Complete,800Nz000003FMY4IAO,
a24Nz000001J4KHIA0,Active,8008d000000YlgTAAS,
a24Nz000001J56fIAC,Active,800Nz000001iDLyIAM,
a24Nz000001J5jNIAS,Active,800Nz0000010LgeIAE,
a24Nz000001J7q2IAC,Active,800Nz000000dCHZIA2,
a24Nz000001J8m5IAC,Active,8008d000000YoIaAAK,
a24Nz000001JG8XIAW,Complete,800Nz0000043B4iIAE,
a24Nz000001JGwXIAW,Complete,8008d000000YoJdAAK,
a24Nz000001JR5ZIAW,Active,800Nz000000tbgVIAQ,
a24Nz000001JU53IAG,Complete,800Nz000005cVHqIAM,
a24Nz000001JzdVIAS,Complete,8008d000000YALSAA4,
a24Nz000001K1llIAC,Complete,800Nz000000ePpJIAU,
a24Nz000001K6ThIAK,Active,8008d000000YdZNAA0,
a24Nz000001K7T0IAK,Active,800Nz000000w06DIAQ,
a24Nz000001K7uPIAS,Active,800Nz000005gCJmIAM,
a24Nz000001K85hIAC,Complete,800Nz000004nRsnIAE,
a24Nz000001K8AXIA0,Complete,800Nz000000d5fsIAA,
a24Nz000001KBUzIAO,Active,800Nz000002bdviIAA,
a24Nz000001KCFlIAO,Active,8008d000000YlkpAAC,
a24Nz000001KCm1IAG,Active,800Nz000000n40xIAA,
a24Nz000001KFLhIAO,Complete,8008d000000YmsjAAC,
a24Nz000001KFqLIAW,Active,8008d000000Yo1UAAS,
a24Nz000001KFrxIAG,Active,800Nz00000AOCtWIAX,
a24Nz000001KGKzIAO,Complete,8008d000000YgfYAAS,
a24Nz000001KGkoIAG,Complete,800Nz0000015MsIIAU,
a24Nz000001KJifIAG,Complete,8008d000000Yc29AAC,
a24Nz000001KMqDIAW,Active,800Nz000004C2S1IAK,
a24Nz000001KNpVIAW,Active,800Nz000000vzrlIAA,
a24Nz000001KPUjIAO,Active,8008d000000YmAjAAK,
a24Nz000001KQ7RIAW,Closed - Tenant Retained,8008d000000YodxAAC,
a24Nz000001KQH7IAO,Complete,8008d000000YpA9AAK,
a24Nz000001KRQ5IAO,Active,8008d000000YSkOAAW,
a24Nz000001KTdBIAW,Complete,8008d000000XxF6AAK,
a24Nz000001KU6DIAW,Cancelled,8004J000001Iy5cQAC,
a24Nz000001KlMMIA0,Complete,8008d000000YndmAAC,
a24Nz000001KljlIAC,Active,800Nz000002GrvdIAC,
a24Nz000001KrnZIAS,Active,800Nz000000wzJJIAY,
a24Nz000001KuyLIAS,Active,800Nz000004XwFzIAK,
a24Nz000001KvBFIA0,Active,800Nz000000m9c9IAA,
a24Nz000001L1F3IAK,Complete,8008d000000YlG6AAK,
a24Nz000001L2ELIA0,Active,8008d000000Ym0jAAC,
a24Nz000001L4w5IAC,Active,800Nz000000w6BXIAY,
a24Nz000001L5NVIA0,Complete,800Nz00000102UQIAY,
a24Nz000001L7xBIAS,Active,8008d000000YQUpAAO,
a24Nz000001LGHJIA4,Active,8008d000000YB3fAAG,
a24Nz000001LJzxIAG,Active,800Nz000000z5u3IAA,
a24Nz000001LKXpIAO,Active,800Nz000000aGnsIAE,
a24Nz000001LKj7IAG,Cancelled,8008d000000YpaIAAS,
a24Nz000001LMxpIAG,Complete,8008d000000XwbKAAS,
a24Nz000001LTw5IAG,Cancelled,8008d000000Yc29AAC,
a24Nz000001LVugIAG,Active,800Nz000003CigOIAS,
a24Nz000001LW7ZIAW,Active,800Nz000000j9wrIAA,
a24Nz000001LX0PIAW,Complete,8008d000000YcQqAAK,
a24Nz000001LaHdIAK,Complete,800Nz0000037iNlIAI,
a24Nz000001Ll3NIAS,Complete,800Nz000009Y5WZIA0,
a24Nz000001LnTNIA0,Active,800Nz000000gZkZIAU,
a24Nz000001Lo9JIAS,Active,8004J000001J0NJQA0,
a24Nz000001LpuzIAC,Active,8008d000000Ym7VAAS,
a24Nz000001LqPdIAK,Active,8008d000000Yp5xAAC,
a24Nz000001LqcXIAS,Complete,800Nz000001jZkFIAU,
a24Nz000001LrDdIAK,Active,800Nz000000mJYDIA2,
a24Nz000001LrojIAC,Active,8008d000000YBOiAAO,
a24Nz000001LrqLIAS,Active,800Nz00000817PUIAY,
a24Nz000001LrwnIAC,Active,800Nz0000042g2TIAQ,
a24Nz000001LryPIAS,Complete,800Nz000003nicjIAA,
a24Nz000001LscjIAC,Active,800Nz000000kxI5IAI,
a24Nz000001LuxuIAC,Active,800Nz000000wClaIAE,
a24Nz000001LvdpIAC,Active,8008d000000YkmhAAC,
a24Nz000001Lw3dIAC,Close - NTQ Denied,8008d000000YpJNAA0,
a24Nz000001LwObIAK,Active,800Nz0000056QgDIAU,
a24Nz000001LwgLIAS,Active,800Nz000006BOBqIAO,
a24Nz000001LyTdIAK,Active,8008d000000YkJuAAK,
a24Nz000001M0f7IAC,Active,800Nz000000aBbKIAU,
a24Nz000001M11hIAC,Active,800Nz000000xspHIAQ,
a24Nz000001M2dhIAC,Complete,800Nz000002VbQPIA0,
a24Nz000001M5LRIA0,Complete,8008d000000YklyAAC,
a24Nz000001M6CfIAK,Active,8008d000000Y67jAAC,
a24Nz000001MI0vIAG,Active,800Nz000006wlvzIAA,
a24Nz000001MJGLIA4,Active,800Nz000000fgD1IAI,
a24Nz000001MLV3IAO,Active,800Nz000002FwygIAC,
a24Nz000001MLwTIAW,Complete,800Nz000004goG0IAI,
a24Nz000001MLzhIAG,Active,8008d000000YBBPAA4,
a24Nz000001MNQQIA4,Complete,800Nz000004NROgIAO,
a24Nz000001MVr0IAG,Active,8008d000000YnkiAAC,
a24Nz000001NASjIAO,Active,800Nz000000saeUIAQ,
a24Nz000001NAUMIA4,Active,8008d000000Yo8fAAC,
a24Nz000001NBevIAG,Active,800Nz000000Z3ZOIA0,
a24Nz000001NBv3IAG,Complete,8008d000000YoKbAAK,
a24Nz000001NC6LIAW,Active,800Nz0000012bHRIAY,
a24Nz000001NCr7IAG,Complete,800Nz000002ufdmIAA,
a24Nz000001NErJIAW,Cancelled,8008d000000Y6UdAAK,
a24Nz000001NFFVIA4,Active,8008d000000Yp5dAAC,
a24Nz000001NFnNIAW,Active,8008d000000Yng7AAC,
a24Nz000001NKK1IAO,Complete,8008d000000YVpgAAG,
a24Nz000001NO1rIAG,Active,800Nz000001jVOyIAM,
a24Nz000001NS9WIAW,Active,800Nz000000gbzOIAQ,
a24Nz000001NXp7IAG,Active,8008d000000Y6NhAAK,
a24Nz000001NZ69IAG,Active,8008d000000Y8JbAAK,
a24Nz000001NZkTIAW,Active,8008d000000YEgKAAW,
a24Nz000001NcSDIA0,Active,800Nz000001o7NbIAI,
a24Nz000001No0MIAS,Active,800Nz000001UWl8IAG,
a24Nz000001NoYDIA0,Active,800Nz000004dPNiIAM,
a24Nz000001NotBIAS,Active,800Nz000000XB3BIAW,
a24Nz000001Nr34IAC,Cancelled,800Nz000000gYBqIAM,
a24Nz000001Nrz7IAC,Active,800Nz0000077mThIAI,
a24Nz000001Ns2LIAS,Active,800Nz000000fQwHIAU,
a24Nz000001NwynIAC,Complete,8008d000000YklFAAS,
a24Nz000001Nx0PIAS,Active,8008d000000Ykd6AAC,
a24Nz000001NzzuIAC,Active,800Nz000007gcMmIAI,
a24Nz000001O4TKIA0,Complete,800Nz000003TSqPIAW,
a24Nz000001O7arIAC,Active,800Nz000000k7bDIAQ,
a24Nz000001O82IIAS,Active,800Nz000000YIFVIA4,
a24Nz000001O8a9IAC,Active,800Nz000005GIfdIAG,
a24Nz000001OF0XIAW,Active,800Nz000004qImeIAE,
a24Nz000001OOztIAG,Active,8008d000000YpIcAAK,
a24Nz000001OQ7FIAW,Active,800Nz000000WvzHIAS,
a24Nz000001ORL3IAO,Active,800Nz000009NsIuIAK,
a24Nz000001OYG5IAO,Active,800Nz0000030aOVIAY,
a24Nz000001OYsnIAG,Active,8008d000000YnZ1AAK,
a24Nz000001OaEfIAK,Active,800Nz000008mchcIAA,
a24Nz000001Oc3ZIAS,Complete,800Nz000001yqbAIAQ,
a24Nz000001OgwnIAC,Active,800Nz00000BC7nYIAT,
a24Nz000001OgyPIAS,Complete,8008d000000YYiwAAG,
a24Nz000001Oi0wIAC,Complete,800Nz000004o2SZIAY,
a24Nz000001OxRNIA0,Complete,8008d000000YKXeAAO,
a24Nz000001P0CNIA0,Complete,8008d000000YpJ1AAK,
a24Nz000001P0x7IAC,Complete,800Nz000005d9VCIAY,
a24Nz000001P1WcIAK,Active,800Nz000004mgCOIAY,
a24Nz000001P4KnIAK,Complete,800Nz000002jQwWIAU,
a24Nz000001P4RFIA0,Active,800Nz000000mCyDIAU,
a24Nz000001P4shIAC,Complete,800Nz000005ZUjxIAG,
a24Nz000001P50lIAC,Active,800Nz000000e3YrIAI,
a24Nz000001P5C1IAK,Active,800Nz000001yYr4IAE,
a24Nz000001P5n7IAC,Active,800Nz000000mBywIAE,
a24Nz000001P6XtIAK,Cancelled,800Nz000000pWXJIA2,
a24Nz000001P6knIAC,Active,800Nz000001HKbFIAW,
a24Nz000001P8hlIAC,Active,800Nz000001gLcFIAU,
a24Nz000001P94LIAS,Active,8008d000000XsYKAA0,
a24Nz000001P9M5IAK,Complete,8008d000000XtNTAA0,
a24Nz000001PAQDIA4,Complete,800Nz000005is1tIAA,
a24Nz000001PBirIAG,Active,800Nz000001zi21IAA,
a24Nz000001PBsXIAW,Closed - Tenant Retained,800Nz0000049oD2IAI,
a24Nz000001PC73IAG,Closed - Tenant Retained,800Nz000004TG7KIAW,
a24Nz000001PPkDIAW,Complete,8008d000000YXbAAAW,
a24Nz000001PRHPIA4,Active,800Nz000000rXHGIA2,
a24Nz000001PS3lIAG,Active,8008d000000Yp88AAC,
a24Nz000001PSa1IAG,Complete,8008d000000YnIOAA0,
a24Nz000001PSbdIAG,Active,800Nz000002uid8IAA,
a24Nz000001PSuzIAG,Active,8008d000000YViuAAG,
a24Nz000001PVhaIAG,Active,800Nz000004TY0oIAG,
a24Nz000001PfAfIAK,Complete,8008d000000YocfAAC,
a24Nz000001PfH7IAK,Complete,800Nz000002E6M9IAK,
a24Nz000001Ph4PIAS,Complete,800Nz000000wokbIAA,
a24Nz000001PhfVIAS,Active,8008d000000Y0e3AAC,
a24Nz000001PiZxIAK,Cancelled,800Nz000000fZGMIA2,
a24Nz000001Pii1IAC,Cancelled,800Nz000000eJiKIAU,
a24Nz000001PjnlIAC,Complete,800Nz000004UkCrIAK,
a24Nz000001PlETIA0,Active,8008d000000YmpfAAC,
a24Nz000001PwJZIA0,Cancelled,8008d000000YJKhAAO,
a24Nz000001PxPKIA0,Complete,8008d000000YpVmAAK,
a24Nz000001QO4XIAW,Active,800Nz000000xzQtIAI,
a24Nz000001QOSjIAO,Active,800Nz000000glXCIAY,
a24Nz000001QPAHIA4,Active,8008d000000YmqYAAS,
a24Nz000001QPqDIAW,Active,800Nz000007fhl4IAA,
a24Nz000001QTU1IAO,Complete,8008d000000YiB1AAK,
a24Nz000001QU0HIAW,Complete,800Nz000000yB2SIAU,
a24Nz000001QX6DIAW,Active,8008d000000YkqFAAS,
a24Nz000001QdbSIAS,Complete,800Nz000001cOX2IAM,
a24Nz000001QeNpIAK,Active,800Nz000000eCLvIAM,
a24Nz000001QgXhIAK,Closed - Tenant Retained,8008d000000YkCUAA0,
a24Nz000001Qhn8IAC,Active,800Nz000002Q0zRIAS,
a24Nz000001QhrxIAC,Active,8008d000000YlneAAC,
a24Nz000001QirFIAS,Cancelled,800Nz0000019mHmIAI,
a24Nz000001QjTxIAK,Active,800Nz000000tSjeIAE,
a24Nz000001QwhJIAS,Active,800Nz00000BErxRIAT,
a24Nz000001QyHhIAK,Active,800Nz000000yyOBIAY,
a24Nz000001QyRNIA0,Cancelled,800Nz000009ukZOIAY,
a24Nz000001QzGzIAK,Active,8008d000000YnmeAAC,
a24Nz000001R3yxIAC,Active,8008d000000YnQdAAK,
a24Nz000001RChFIAW,Active,800Nz0000014SBrIAM,
a24Nz000001RRGTIA4,Active,8008d000000Yng2AAC,
a24Nz000001RTOjIAO,Complete,800Nz000008b2zDIAQ,
a24Nz000001RTtNIAW,Complete,8008d000000YlufAAC,
a24Nz000001RXSLIA4,Cancelled,8008d000000YGsxAAG,
a24Nz000001RtavIAC,Complete,8008d000000YWa4AAG,
a24Nz000001S0KfIAK,Closed - Tenant Retained,800Nz000006nmbJIAQ,
a24Nz000001S0pJIAS,Active,8008d000000YncoAAC,
a24Nz000001S21VIAS,Active,800Nz000000tYPFIA2,
a24Nz000001S2BBIA0,Active,800Nz0000015NRjIAM,
a24Nz000001S2CnIAK,Active,8008d000000YZGjAAO,
a24Nz000001S37FIAS,Active,800Nz000007lx5eIAA,
a24Nz000001S3DhIAK,Active,800Nz000007jPBJIA2,
a24Nz000001SIvtIAG,Closed - Tenant Retained,8008d000000YnhoAAC,
a24Nz000001SJvBIAW,Active,800Nz000000rTFFIA2,
a24Nz000001SLFTIA4,Active,800Nz000002ZfSLIA0,
a24Nz000001SLQjIAO,Active,800Nz000000W6wrIAC,
a24Nz000001SNltIAG,Complete,800Nz0000012efIIAQ,
a24Nz000001SQ73IAG,Pending Cancel/Close,800Nz0000048hLjIAI,
a24Nz000001STsvIAG,Active,800Nz000006khBVIAY,
a24Nz000001SUgvIAG,Complete,800Nz000002RdFgIAK,
a24Nz000001SYFtIAO,Active,800Nz00000AJHkCIAX,
a24Nz000001SYZFIA4,Complete,800Nz000007TQjCIAW,
a24Nz000001SYnlIAG,Active,800Nz000008zXc4IAE,
a24Nz000001SZIPIA4,Active,8008d000000YjkuAAC,
a24Nz000001SaWDIA0,Complete,8008d000000YnvWAAS,
a24Nz000001SdaXIAS,Active,8004J000001Iy7TQAS,
a24Nz000001SlrRIAS,Active,800Nz000004xXU4IAM,
a24Nz000001SmltIAC,Active,800Nz000000WpPJIA0,
a24Nz000001SmnVIAS,Complete,800Nz000000aHlbIAE,
a24Nz000001SnjZIAS,Active,800Nz000000w4zRIAQ,
a24Nz000001SoirIAC,Active,800Nz000009c8ieIAA,
a24Nz000001SuebIAC,Active,800Nz000002MGpzIAG,
a24Nz000001T2ibIAC,Active,800Nz000001BsmGIAS,
a24Nz000001T6W5IAK,Active,800Nz000001OoEQIA0,
a24Nz000001T6avIAC,Active,800Nz000002NdxCIAS,
a24Nz000001T6pRIAS,Complete,8008d000000YorzAAC,
a24Nz000001T6vtIAC,Active,800Nz000003qX1OIAU,
a24Nz000001TmALIA0,Active,800Nz000000rZxPIAU,
a24Nz000001TmBxIAK,Active,800Nz000000fUNAIA2,
a24Nz000001TmOrIAK,Complete,8008d000000Yn9qAAC,
a24Nz000001TmiDIAS,Active,8008d000000Ym21AAC,
a24Nz000001TnxdIAC,Active,800Nz00000AcNlsIAF,
a24Nz000001Tq5tIAC,Active,8008d000000YCERAA4,
a24Nz000001TuCjIAK,Pending Cancel/Close,8008d000000Y3lZAAS,
a24Nz000001TvqMIAS,Active,800Nz000000m63LIAQ,
a24Nz000001TxQkIAK,Active,800Nz000001cVwkIAE,
a24Nz000001TyWTIA0,Active,8008d000000YnWvAAK,
a24Nz000001TzsMIAS,Active,800Nz000000eAAPIA2,
a24Nz000001U1anIAC,Active,800Nz000003H3pVIAS,
a24Nz000001U82nIAC,Active,800Nz000000jvTcIAI,
a24Nz000001UB5VIAW,Complete,800Nz000005ZAL2IAO,
a24Nz000001UB77IAG,Active,8008d000000YOXCAA4,
a24Nz000001UDGzIAO,Active,800Nz000001LiwmIAC,
a24Nz000001UFInIAO,Active,8008d000000YWuKAAW,
a24Nz000001UFfNIAW,Active,800Nz000005gOUVIA2,
a24Nz000001UGWbIAO,Active,8008d000000Yjl4AAC,
a24Nz000001UKAPIA4,Active,800Nz0000010KccIAE,
a24Nz000001UWTJIA4,Active,8008d000000YnlqAAC,
a24Nz000001UWt7IAG,Active,800Nz000000ZGgHIAW,
a24Nz000001UXUDIA4,Active,800Nz000001C22UIAS,
a24Nz000001UXVpIAO,Active,800Nz000005SqTxIAK,
a24Nz000001UXZ3IAO,Active,800Nz000000mvFLIAY,
a24Nz000001UZPaIAO,Active,800Nz000001PghsIAC,
a24Nz000001UZiwIAG,Active,800Nz000000XFTOIA4,
a24Nz000001UbMYIA0,Active,8008d000000Yk91AAC,
a24Nz000001UcVVIA0,Active,800Nz000004jq1yIAA,
a24Nz000001UdZdIAK,Active,8008d000000YLAvAAO,
a24Nz000001UfrZIAS,Active,800Nz000000iziwIAA,
a24Nz000001UiHZIA0,Active,800Nz000000ksByIAI,
a24Nz000001UiJBIA0,Complete,800Nz000005ZwzBIAS,
a24Nz000001UiMPIA0,Active,800Nz000000aQ0oIAE,
a24Nz000001UjITIA0,Complete,800Nz000000irgeIAA,
a24Nz000001UrSwIAK,Closed - Tenant Retained,800Nz0000019wVkIAI,
a24Nz000001V4A1IAK,Active,800Nz000000qiwPIAQ,
a24Nz000001V4UzIAK,Active,8008d000000YkbeAAC,
a24Nz000001V4YDIA0,Active,8008d000000YVQqAAO,
a24Nz000001V57hIAC,Active,800Nz000000WAaXIAW,
a24Nz000001V7avIAC,Active,800Nz000006qa5cIAA,
a24Nz000001V9hZIAS,Complete,800Nz000007caknIAA,
a24Nz000001V9o3IAC,Active,8008d000000Y6EkAAK,
a24Nz000001VAH3IAO,Complete,8008d000000YRubAAG,
a24Nz000001VB0DIAW,Complete,800Nz000005MvETIA0,
a24Nz000001VB54IAG,Active,800Nz000001o6uTIAQ,
a24Nz000001VCIsIAO,Active,800Nz0000012agRIAQ,
a24Nz000001VESjIAO,Cancelled,800Nz00000BgVKRIA3,
a24Nz000001VEZBIA4,Cancelled,800Nz000007HHvFIAW,
a24Nz000001VHSDIA4,Complete,800Nz000008FR8BIAW,
a24Nz000001VHiMIAW,Active,800Nz0000050ooMIAQ,
a24Nz000001VHnBIAW,Active,8008d000000YKZkAAO,
a24Nz000001VJAfIAO,Active,800Nz0000019rFtIAI,
a24Nz000001VJNZIA4,Active,8008d000000Ym50AAC,
a24Nz000001VJc5IAG,Active,8008d000000YW3jAAG,
a24Nz000001VKI1IAO,Active,800Nz000000sS2gIAE,
a24Nz000001VKRhIAO,Active,800Nz000001ZO3iIAG,
a24Nz000001VKecIAG,Active,800Nz000003PZkAIAW,
a24Nz000001VLZ3IAO,Complete,8008d000000YNm5AAG,
a24Nz000001VLnZIAW,Cancelled,800Nz000003RUecIAG,
a24Nz000001VMBlIAO,Cancelled,800Nz000003FPSdIAO,
a24Nz000001VXf3IAG,Active,800Nz000003PNEHIA4,
a24Nz000001VYCvIAO,Active,800Nz000001S9G7IAK,
a24Nz000001VZybIAG,Closed - Tenant Retained,800Nz000001jaI7IAI,
a24Nz000001VaQ1IAK,Active,800Nz00000BlfhLIAR,
a24Nz000001VcJlIAK,Active,800Nz00000Blj1qIAB,
a24Nz000001VdKfIAK,Active,800Nz000005ZQ3BIAW,
a24Nz000001VdcPIAS,Active,800Nz00000BlqjCIAR,
a24Nz000001VdpJIAS,Cancelled,800Nz000000kwZ1IAI,
a24Nz000001Ve5RIAS,Active,800Nz00000BlknWIAR,
a24Nz000001VeLZIA0,Active,800Nz000001HF0hIAG,
a24Nz000001VeOnIAK,Active,800Nz00000Blf9WIAR,
a24Nz000001Vev3IAC,Complete,800Nz000001msjuIAA,
a24Nz000001VfCnIAK,Active,8008d000000YnHaAAK,
a24Nz000001Vfj3IAC,Active,8008d000000YkrIAAS,
a24Nz000001ViAfIAK,Complete,800Nz000009UtEtIAK,
a24Nz000001VinNIAS,Active,8008d000000Yp2jAAC,
a24Nz000001Vj57IAC,Active,8008d000000YeepAAC,
a24Nz000001VjQ5IAK,Active,8008d000000Yp2UAAS,
a24Nz000001Vn0fIAC,Cancelled,800Nz000005sf6YIAQ,
a24Nz000001VnYXIA0,Active,800Nz000005sf6YIAQ,
a24Nz000001VoJJIA0,Cancelled,800Nz0000019rFsIAI,
a24Nz000001VpYjIAK,Active,800Nz000003FRcVIAW,
a24Nz000001VqMjIAK,Active,800Nz0000012YGMIA2,
a24Nz000001VrHBIA0,Active,800Nz000005IwXMIA0,
a24Nz000001W1LNIA0,Active,800Nz000000dJ7iIAE,
a24Nz000001W961IAC,Active,8008d000000YoYxAAK,
a24Nz000001WA6wIAG,Active,800Nz000000X0KfIAK,
a24Nz000001WAtJIAW,Active,800Nz000003xgzBIAQ,
a24Nz000001WGttIAG,Complete,800Nz000002OXbIIAW,
a24Nz000001WU0nIAG,Active,800Nz000001aL0jIAE,
a24Nz000001XFxNIAW,Active,800Nz000006pYcEIAU,
a24Nz000001XHsjIAG,Active,800Nz000001mpe5IAA,
a24Nz000001XI2PIAW,Active,800Nz0000078bxlIAA,
a24Nz000001XIwrIAG,Active,800Nz000000mAIAIA2,
a24Nz000001XKvRIAW,Active,800Nz000000w3QfIAI,
a24Nz000001XM2oIAG,Active,800Nz00000616BaIAI,
a24Nz000001XMveIAG,Active,8008d000000YCZPAA4,
a24Nz000001XPn3IAG,Active,800Nz000000ghBuIAI,
a24Nz000001XPtVIAW,Complete,800Nz000002aCeDIAU,
a24Nz000001XVpFIAW,Active,800Nz000006jPTRIA2,
a24Nz000001XWgUIAW,Active,800Nz000001hC3nIAE,
a24Nz000001XeR7IAK,Complete,8008d000000Y1a5AAC,
a24Nz000001Xf0bIAC,Active,800Nz000000yGIGIA2,
a24Nz000001XrkvIAC,Active,800Nz000001gDA4IAM,
a24Nz000001XtMvIAK,Cancelled,8008d000000Yb19AAC,
a24Nz000001XuR3IAK,Active,8008d000000YpUoAAK,
a24Nz000001XwB7IAK,Active,800Nz000001bIwhIAE,
a24Nz000001XwMPIA0,Closed - Tenant Retained,800Nz000002oJWGIA2,
a24Nz000001XwnpIAC,Active,8008d000000YpL2AAK,
a24Nz000001XyG9IAK,Active,800Nz000001NphBIAS,
a24Nz000001XyPpIAK,Active,800Nz00000BT1jxIAD,
a24Nz000001XztnIAC,Active,8008d000000Ye6SAAS,
a24Nz000001Y34XIAS,Active,800Nz00000596D0IAI,
a24Nz000001Y5BBIA0,Active,800Nz0000076XezIAE,
a24Nz000001Y9oHIAS,Active,8008d000000YpZyAAK,
a24Nz000001YB0TIAW,Active,800Nz000002ELtOIAW,
a24Nz000001YMggIAG,Complete,8008d000000YZL5AAO,
a24Nz000001YQVlIAO,Active,800Nz000001nC5zIAE,
a24Nz000001YT0bIAG,Complete,800Nz000007sMfRIAU,
a24Nz000001YW9lIAG,Active,800Nz000005cSFTIA2,
a24Nz000001YWL3IAO,Active,800Nz000000gLY5IAM,
a24Nz000001YY1zIAG,Active,8008d000000YA7tAAG,
a24Nz000001YaEzIAK,Active,800Nz0000012Xc3IAE,
a24Nz000001YbvpIAC,Active,8008d000000Yo2NAAS,
a24Nz000001YdsnIAC,Complete,800Nz000006JcSmIAK,
a24Nz000001Ye45IAC,Active,800Nz00000BfyOZIAZ,
a24Nz000001Ye5hIAC,Active,800Nz000005H1WSIA0,
a24Nz000001YfY1IAK,Active,800Nz000000qh4AIAQ,
a24Nz000001Ygc9IAC,Closed - Tenant Retained,8008d000000YFOIAA4,
a24Nz000001YiR3IAK,Active,800Nz000007yzscIAA,
a24Nz000001Yk7tIAC,Active,800Nz000000yI3kIAE,
a24Nz000001YkavIAC,Complete,800Nz000000ktxbIAA,
a24Nz000001Z1n3IAC,Active,8008d000000YpGWAA0,
a24Nz000001Z1zxIAC,Complete,800Nz000008qs04IAA,
a24Nz000001Z21ZIAS,Active,800Nz000005z2VDIAY,
a24Nz000001Z23BIAS,Active,800Nz000002NdZKIA0,
a24Nz000001Z3TtIAK,Closed - Tenant Retained,8008d000000XyToAAK,
a24Nz000001Z3vJIAS,Active,800Nz000001GVYlIAO,
a24Nz000001Z8VBIA0,Active,800Nz000001dgi4IAA,
a24Nz000001ZJf7IAG,Active,800Nz000001HGG0IAO,
a24Nz000001ZJonIAG,Active,800Nz000001NVqeIAG,
a24Nz000001ZnEzIAK,Active,800Nz000000kppFIAQ,
a24Nz000001ZnenIAC,Active,800Nz000004rCfEIAU,
a24Nz000001Zo9RIAS,Active,800Nz000001926uIAA,
a24Nz000001Zpn3IAC,Active,8008d000000YVXrAAO,
a24Nz000001ZrDlIAK,Complete,800Nz00000AZaAxIAL,
a24Nz000001ZrYjIAK,Active,800Nz000001LeLIIA0,
a24Nz000001ZtXJIA0,Active,800Nz000003s01QIAQ,
a24Nz000001ZvFlIAK,Active,8008d000000YKtfAAG,
a24Nz000001Zx6IIAS,Active,800Nz000003DkeUIAS,
a24Nz000001ZxMPIA0,Active,800Nz000003dfOKIAY,
a24Nz000001ZzHlIAK,Active,800Nz000006w480IAA,
a24Nz000001a0YnIAI,Closed - Tenant Retained,800Nz000000dOk1IAE,
a24Nz000001a2acIAA,Active,800Nz0000016NRGIA2,
a24Nz000001aEFCIA2,Active,800Nz000000d7BNIAY,
a24Nz000001aPFSIA2,Active,800Nz000001pHmNIAU,
a24Nz000001aQQ1IAM,Active,800Nz000000aOqDIAU,
a24Nz000001aQY5IAM,Active,800Nz000001bRVNIA2,
a24Nz000001aRsLIAU,Complete,800Nz000009QKY0IAO,
a24Nz000001aSQDIA2,Active,800Nz000001BpEjIAK,
a24Nz000001aTHRIA2,Active,800Nz000002RjRMIA0,
a24Nz000001aTULIA2,Active,800Nz000005QF6zIAG,
a24Nz000001aW5eIAE,Active,800Nz000001PlRQIA0,
a24Nz000001aWGvIAM,Active,8008d000000Y2EnAAK,
a24Nz000001aZJdIAM,Close - NTQ Denied,800Nz000002uuKzIAI,
a24Nz000001aZRhIAM,Close - NTQ Denied,800Nz000002oZj1IAE,
a24Nz000001aakLIAQ,Complete,800Nz00000AwYGfIAN,
a24Nz000001aau1IAA,Active,800Nz000005H6FtIAK,
a24Nz000001aehVIAQ,Complete,8008d000000YoeWAAS,
a24Nz000001afTtIAI,Active,800Nz000006kXyPIAU,
a24Nz000001ag9pIAA,Active,800Nz000001yZIZIA2,
a24Nz000001agD3IAI,Active,800Nz000009UxdUIAS,
a24Nz000001agmXIAQ,Active,800Nz000000yApTIAU,
a24Nz000001akBpIAI,Active,8008d000000YpZZAA0,
a24Nz000001alFxIAI,Complete,8008d000000YasQAAS,
a24Nz000001alpRIAQ,Active,800Nz000007gAjjIAE,
a24Nz000001aluHIAQ,Active,800Nz000007sK5uIAE,
a24Nz000001amjtIAA,Active,800Nz00000Ap6dfIAB,
a24Nz000001b2S5IAI,Active,800Nz000001n0KsIAI,
a24Nz000001b2yLIAQ,Active,800Nz00000BPxgEIAT,
a24Nz000001b3ZRIAY,Active,800Nz000006K9DNIA0,
a24Nz000001b4C9IAI,Active,8008d000000YTq2AAG,
a24Nz000001b5OMIAY,Active,8004J000001IzcdQAC,
a24Nz000001b5kvIAA,Active,800Nz000000Xtc6IAC,
a24Nz000001b6U5IAI,Active,800Nz00000B592rIAB,
a24Nz000001b7JiIAI,Active,800Nz000000aPmJIAU,
a24Nz000001bCZVIA2,Active,8008d000000Yp3rAAC,
a24Nz000001bGYHIA2,Active,800Nz0000078jC5IAI,
a24Nz000001bHPVIA2,Active,800Nz000002NdhHIAS,
a24Nz000001bHSjIAM,Active,8008d000000YQVdAAO,
a24Nz000001bILaIAM,Cancelled,800Nz0000016KbUIAU,
a24Nz000001bIobIAE,Active,800Nz000001VKtAIAW,
a24Nz000001bItRIAU,Complete,8008d000000Y3cwAAC,
a24Nz000001bJuLIAU,Active,800Nz0000010ByzIAE,
a24Nz000001bKOzIAM,Active,800Nz000005vt1jIAA,
a24Nz000001bKwrIAE,Active,8008d000000YJm3AAG,
a24Nz000001bLphIAE,Active,800Nz00000BGW2jIAH,
a24Nz000001bLw9IAE,Active,800Nz000002IMLzIAO,
a24Nz000001bWgHIAU,Active,800Nz000001GHPPIA4,
a24Nz000001bYbdIAE,Active,800Nz000001JQO5IAO,
a24Nz000001bYrlIAE,Active,800Nz000009GUQ8IAO,
a24Nz000001barxIAA,Active,800Nz000000tNaJIAU,
a24Nz000001bb1dIAA,Active,800Nz0000012S9QIAU,
a24Nz000001bbRRIAY,Active,800Nz000008VbTLIA0,
a24Nz000001bbb7IAA,Active,800Nz000001JDAkIAO,
a24Nz000001bbxhIAA,Active,800Nz0000024ZNzIAM,
a24Nz000001bcwzIAA,Cancelled,800Nz000002qIiuIAE,
a24Nz000001bfDJIAY,Active,800Nz000001LmXJIA0,
a24Nz000001bgHRIAY,Active,800Nz000000juisIAA,
a24Nz000001bghFIAQ,Active,8008d000000YOUIAA4,
a24Nz000001biXlIAI,Active,800Nz000001IDO6IAO,
a24Nz000001bjiLIAQ,Active,800Nz000001BtGzIAK,
a24Nz000001bowXIAQ,Active,800Nz000000Z1NrIAK,
a24Nz000001brxdIAA,Active,800Nz000001Bj1HIAS,
a24Nz000001c5anIAA,Active,800Nz000000qncZIAQ,
a24Nz000001c5pJIAQ,Active,800Nz000000rl5iIAA,
a24Nz000001c5sXIAQ,Active,800Nz0000018vetIAA,
a24Nz000001c6WrIAI,Active,800Nz000001PtglIAC,
a24Nz000001c7vxIAA,Active,800Nz000000sRjIIAU,
a24Nz000001c9o5IAA,Active,800Nz000001FQ01IAG,
a24Nz000001cBTJIA2,Active,800Nz00000A52ziIAB,
a24Nz000001cCkLIAU,Active,800Nz000001OnByIAK,
a24Nz000001cEKjIAM,Active,800Nz000001LsEcIAK,
a24Nz000001cEhJIAU,Active,800Nz000000Y6asIAC,
a24Nz000001cIrOIAU,Active,800Nz000005Pqv6IAC,
a24Nz000001cKgHIAU,Active,800Nz000005PpHUIA0,
a24Nz000001cP85IAE,Active,800Nz000001u34SIAQ,
a24Nz000001cfzFIAQ,Active,800Nz000001qIMzIAM,
a24Nz000001cgFNIAY,Active,800Nz000001ypNNIAY,
a24Nz000001d0xFIAQ,Active,800Nz000000xyucIAA,
a24Nz000001d10TIAQ,Active,800Nz000006zRJMIA2,
a24Nz000001d2z3IAA,Complete,800Nz000002NZAPIA4,
a24Nz000001d5daIAA,Active,800Nz000000xGFPIA2,
a24Nz000001d6ubIAA,Active,8008d000000YkX8AAK,
a24Nz000001d8BdIAI,Active,800Nz000001BlawIAC,
a24Nz000001d8WbIAI,Active,800Nz000000wHNCIA2,
a24Nz000001d8l7IAA,Active,800Nz000007JyChIAK,
a24Nz000001d9SfIAI,Active,800Nz000005iU2mIAE,
a24Nz000001d9XVIAY,Active,800Nz000000x0gpIAA,
a24Nz000001d9pGIAQ,Active,800Nz000001uDGYIA2,
a24Nz000001dAOjIAM,Active,800Nz000007imwBIAQ,
a24Nz000001dB6HIAU,Active,800Nz000000Y0iZIAS,
a24Nz000001dCiHIAU,Active,800Nz000000WyZ7IAK,
a24Nz000001dCjtIAE,Active,800Nz000001JBosIAG,
a24Nz000001dCojIAE,Active,800Nz000001NsdUIAS,
a24Nz000001dCtZIAU,Active,800Nz000000mBR3IAM,
a24Nz000001dDMbIAM,Active,800Nz000001WbOvIAK,
a24Nz000001dDODIA2,Active,800Nz000000x55NIAQ,
a24Nz000001dDrFIAU,Active,800Nz000001A2pgIAC,
a24Nz000001dE2XIAU,Active,800Nz000001HJDlIAO,
a24Nz000001dEAbIAM,Active,8008d000000YCkSAAW,
a24Nz000001dEIfIAM,Active,800Nz000000yD5rIAE,
a24Nz000001dEvNIAU,Cancelled,800Nz000000sZ5gIAE,
a24Nz000001dFt3IAE,Active,800Nz00000260twIAA,
a24Nz000001dG2jIAE,Active,800Nz000001bJJHIA2,
a24Nz000001dGE1IAM,Active,800Nz000005MtPZIA0,
a24Nz000001dGPKIA2,Active,800Nz000001GHxJIAW,
a24Nz000001dHbVIAU,Active,800Nz0000013XIKIA2,
a24Nz000001dHejIAE,Cancelled,800Nz000000xDEGIA2,
a24Nz000001dI2vIAE,Active,800Nz000001LryVIAS,
a24Nz000001dINtIAM,Active,800Nz000000fKUSIA2,
a24Nz000001dIe1IAE,Active,800Nz000000zBkvIAE,
a24Nz000001dIpJIAU,Active,800Nz000000m0c1IAA,
a24Nz000001dJNCIA2,Closed - Tenant Retained,800Nz000008E9d7IAC,
a24Nz000001dJQPIA2,Complete,800Nz000002dTU2IAM,
a24Nz000001dJobIAE,Active,800Nz000001FL3ZIAW,
a24Nz000001dL0nIAE,Active,800Nz000002CnIWIA0,
a24Nz000001dMPtIAM,Active,800Nz00000AaWtJIAV,
a24Nz000001dNH7IAM,Active,800Nz000000rb7vIAA,
a24Nz000001dcEXIAY,Active,800Nz000002OdLyIAK,
a24Nz000001dcODIAY,Active,800Nz000000e3goIAA,
a24Nz000001dcUfIAI,Active,800Nz000001HIfwIAG,
a24Nz000001dcZVIAY,Cancelled,8008d000000YDVxAAO,
a24Nz000001dcrFIAQ,Active,8008d000000YpKYAA0,
a24Nz000001ddIfIAI,Active,800Nz000000j6vkIAA,
a24Nz000001deLBIAY,Active,800Nz000007UPedIAG,
a24Nz000001dhFpIAI,Active,800Nz000000eCdeIAE,
a24Nz000001dhpJIAQ,Active,8008d000000YnZaAAK,
a24Nz000001diNBIAY,Active,8008d000000YoF7AAK,
a24Nz000001dj4jIAA,Active,8008d000000Ynv7AAC,
a24Nz000001djBBIAY,Active,800Nz00000AcaCtIAJ,
a24Nz000001djMTIAY,Active,800Nz000000tj1NIAQ,
a24Nz000001djj3IAA,Active,800Nz0000020OKhIAM,
a24Nz000001djmHIAQ,Active,800Nz000000xs6CIAQ,
a24Nz000001dkVRIAY,Active,800Nz000001p1uTIAQ,
a24Nz000001dkiLIAQ,Complete,800Nz000001C1kYIAS,
a24Nz000001dmXFIAY,Active,800Nz000003CeCtIAK,
a24Nz000001doUDIAY,Cancelled,800Nz0000081cwIIAQ,
a24Nz000001doqnIAA,Cancelled,800Nz000003yZ4bIAE,
a24Nz000001dpQHIAY,Active,800Nz000002Xfg8IAC,
a24Nz000001dpV7IAI,Complete,800Nz000005cRUBIA2,
a24Nz000001dvInIAI,Active,8008d000000YHqkAAG,
a24Nz000001dwy1IAA,Active,800Nz0000015SG2IAM,
a24Nz000001dyLVIAY,Active,800Nz000006zOA5IAM,
a24Nz000001dzizIAA,Active,800Nz000001D96XIAS,
a24Nz000001e03xIAA,Active,800Nz000001ygtRIAQ,
a24Nz000001e0FFIAY,Active,800Nz000001i65yIAA,
a24Nz000001e0GrIAI,Active,800Nz000001i4nMIAQ,
a24Nz000001e0OvIAI,Active,800Nz0000024pFrIAI,
a24Nz000001e1EXIAY,Active,800Nz000001LeZvIAK,
a24Nz000001e353IAA,Active,800Nz000002doiGIAQ,
a24Nz000001eRwzIAE,Active,800Nz0000077nxeIAA,
a24Nz000001eXeDIAU,Active,800Nz000008ay14IAA,
a24Nz000001eYC5IAM,Active,800Nz000003VtrPIAS,
a24Nz000001eYgjIAE,Active,800Nz00000BSBIXIA5,
a24Nz000001eYnCIAU,Complete,800Nz000008ELhWIAW,
a24Nz000001eZGDIA2,Active,800Nz00000788qqIAA,
a24Nz000001eZUjIAM,Active,800Nz000000W56QIAS,
a24Nz000001eZbBIAU,Active,800Nz000001i6sOIAQ,
a24Nz000001ebMrIAI,Active,800Nz000001bCjGIAU,
a24Nz000001ecu1IAA,Complete,800Nz000009HHH0IAO,
a24Nz000001edq5IAA,Complete,800Nz000005rhS9IAI,
a24Nz000001eecTIAQ,Active,800Nz000001LkP6IAK,
a24Nz000001eeivIAA,Active,800Nz000003VyayIAC,
a24Nz000001eexRIAQ,Active,800Nz000001B1LNIA0,
a24Nz000001efS5IAI,Active,8008d000000YkUxAAK,
a24Nz000001efThIAI,Closed - Tenant Retained,800Nz0000042eezIAA,
a24Nz000001egCtIAI,Active,800Nz00000A4w9MIAR,
a24Nz000001ekDFIAY,Active,800Nz000000qYH2IAM,
a24Nz000001euu9IAA,Active,800Nz000003RFm4IAG,
a24Nz000001exdWIAQ,Active,800Nz000002wubzIAA,
a24Nz000001exnBIAQ,Active,800Nz00000643qLIAQ,
a24Nz000001ey6XIAQ,Active,800Nz000001pGv5IAE,
a24Nz000001eyRVIAY,Active,800Nz000001jHXHIA2,
a24Nz000001f0LFIAY,Cancelled,800Nz000001ZHQVIA4,
a24Nz000001f1NlIAI,Active,800Nz000000iluWIAQ,
a24Nz000001f5MXIAY,Active,800Nz000001ydVmIAI,
a24Nz000001f5WDIAY,Active,800Nz000001HDgIIAW,
a24Nz000001f6aLIAQ,Pending Cancel/Close,800Nz000006ASiqIAG,
a24Nz000001fA4TIAU,Active,800Nz000002dUWeIAM,
a24Nz000001fA9JIAU,Active,800Nz000000gRWvIAM,
a24Nz000001fBF3IAM,Active,800Nz000000ec50IAA,
a24Nz000001fK3pIAE,Active,800Nz000001NWgHIAW,
a24Nz000001fUuPIAU,Active,800Nz000000siIfIAI,
a24Nz000001fVTtIAM,Active,800Nz000001NrkgIAC,
a24Nz000001fW4zIAE,Active,800Nz000000l3c2IAA,
a24Nz000001fbHZIAY,Active,800Nz000000a48NIAQ,
a24Nz000001fdEXIAY,Active,8008d000000YOdjAAG,
a24Nz000001fe90IAA,Active,800Nz000000iv13IAA,
a24Nz000001feSLIAY,Active,800Nz0000073Gu3IAE,
a24Nz000001feovIAA,Active,8008d000000YPAjAAO,
a24Nz000001ffUrIAI,Complete,800Nz000003jpzAIAQ,
a24Nz000001ffjNIAQ,Active,800Nz000000Y4dxIAC,
a24Nz000001fiR7IAI,Active,800Nz000000gZhMIAU,
a24Nz000001fooIIAQ,Active,800Nz000001FAL7IAO,
a24Nz000001frm9IAA,Active,800Nz000000sYUXIA2,
a24Nz000001fs3tIAA,Active,800Nz000000nDSOIA2,
a24Nz000001fsALIAY,Active,800Nz00000CkGPcIAN,
a24Nz000001fv8DIAQ,Active,800Nz000001i9lWIAQ,
a24Nz000001gZATIA2,Active,800Nz0000018sSeIAI,
a24Nz000001gdduIAA,Active,800Nz000000jELOIA2,
a24Nz000001gfHVIAY,Active,800Nz000001CBgfIAG,
a24Nz000001gscyIAA,Active,800Nz0000014MxXIAU,
a24Nz000001gtAnIAI,Active,800Nz000006hPz2IAE,
a24Nz000001guy6IAA,Active,800Nz000000pgbXIAQ,
a24Nz000001gvMHIAY,Active,8008d000000YP26AAG,
a24Nz000001gvqvIAA,Active,800Nz00000105k5IAA,
a24Nz000001gvu9IAA,Active,800Nz000001ArhCIAS,
a24Nz000001gxxZIAQ,Active,800Nz000000sT8IIAU,
a24Nz000001gylaIAA,Active,800Nz000000rnk9IAA,
a24Nz000001h0c5IAA,Active,800Nz000001cMoXIAU,
a24Nz000001h0qbIAA,Active,800Nz000001AvmEIAS,
a24Nz000001h3EzIAI,Active,800Nz000002HspJIAS,
a24Nz000001h46DIAQ,Active,800Nz000002IWTJIA4,
a24Nz000001h7iPIAQ,Active,800Nz000000fP7NIAU,
a24Nz000001h9IoIAI,Active,800Nz000001BluHIAS,
a24Nz000001hFEXIA2,Complete,800Nz0000052mAYIAY,
a24Nz000001hFUfIAM,Active,800Nz000007AtAeIAK,
a24Nz000001hG7NIAU,Active,800Nz000000mtYZIAY,
a24Nz000001hJurIAE,Active,800Nz000005idVsIAI,
a24Nz000001hRvdIAE,Complete,800Nz00000AKd7cIAD,
a24Nz000001hUQTIA2,Active,800Nz000001ZHQVIA4,
a24Nz000001hUa9IAE,Active,800Nz000000ihsaIAA,
a24Nz000001hUdNIAU,Active,800Nz000005coihIAA,
a24Nz000001hVcfIAE,Active,800Nz00000A4cM9IAJ,
a24Nz000001hVmLIAU,Closed - Tenant Retained,800Nz000001aRXOIA2,
a24Nz000001hWyXIAU,Active,800Nz000000qVfjIAE,
a24Nz000001hX6bIAE,Active,800Nz0000013jo8IAA,
a24Nz000001hdAPIAY,Active,800Nz000001BioYIAS,
a24Nz000001hdOvIAI,Active,800Nz000000yJNxIAM,
a24Nz000001hiJmIAI,Active,800Nz000001gP6IIAU,
a24Nz000001hiYHIAY,Active,800Nz000001ZMwRIAW,
a24Nz000001hizhIAA,Active,800Nz000007lbD3IAI,
a24Nz000001hjEDIAY,Active,800Nz00000104vwIAA,
a24Nz000001hjsXIAQ,Complete,800Nz000000dXNVIA2,
a24Nz000001hjxOIAQ,Active,800Nz000001Pd2SIAS,
a24Nz000001hkF8IAI,Active,800Nz000007lac0IAA,
a24Nz000001hlWAIAY,Active,800Nz000006GSkzIAG,
a24Nz000001hs1NIAQ,Active,800Nz000000fPQqIAM,
a24Nz000001i6AnIAI,Active,800Nz000001HJ48IAG,
a24Nz000001i6M5IAI,Complete,800Nz00000B0JCPIA3,
a24Nz000001i7ejIAA,Active,800Nz000001o5IXIAY,
a24Nz000001i8anIAA,Active,800Nz000001ZIfuIAG,
a24Nz000001iA38IAE,Active,8008d000000YpJMAA0,
a24Nz000001iAzBIAU,Active,800Nz000001Z7npIAC,
a24Nz000001iCCzIAM,Active,800Nz000000rSnsIAE,
a24Nz000001iCHpIAM,Active,800Nz000001o8xtIAA,
a24Nz000001iCWLIA2,Active,800Nz0000015Py7IAE,
a24Nz000001iCbFIAU,Active,800Nz0000016P3HIAU,
a24Nz000001iGjdIAE,Active,8008d000000YBg0AAG,
a24Nz000001iHJ7IAM,Active,800Nz000005rvTkIAI,
a24Nz000001iHhJIAU,Active,800Nz000002WQJKIA4,
a24Nz000001iIQTIA2,Active,8008d000000YQpiAAG,
a24Nz000001iLZdIAM,Active,800Nz000000qWtXIAU,
a24Nz000001iQSrIAM,Active,800Nz000004r9vmIAA,
a24Nz000001iQcXIAU,Active,8008d000000YeDYAA0,
a24Nz000001iRdRIAU,Active,800Nz000000fRcAIAU,
a24Nz000001iRlVIAU,Active,800Nz000007O5SOIA0,
a24Nz000001iUZhIAM,Active,800Nz000001Aq02IAC,
a24Nz000001igz3IAA,Active,800Nz000001wyZXIAY,
a24Nz000001ihGnIAI,Active,800Nz0000048JMoIAM,
a24Nz000001ihQTIAY,Active,800Nz000009VEnuIAG,
a24Nz000001ilAjIAI,Complete,800Nz000003H8FvIAK,
a24Nz000001imjVIAQ,Active,800Nz000003UEwkIAG,
a24Nz000001inAvIAI,Active,800Nz000007L7NZIA0,
a24Nz000001io0XIAQ,Active,8008d000000Yp4fAAC,
a24Nz000001ipuHIAQ,Complete,800Nz000004gRvzIAE,
a24Nz000001ipxVIAQ,Active,800Nz000000rZR9IAM,
a24Nz000001ivObIAI,Active,800Nz000000tnMgIAI,
a24Nz000001ixGjIAI,Active,800Nz000002yYliIAE,
a24Nz000001ixa5IAA,Active,800Nz000004NouhIAC,
a24Nz000001ixlOIAQ,Active,800Nz000007O2JIIA0,
a24Nz000001izK9IAI,Active,800Nz000000l8BtIAI,
a24Nz000001izSDIAY,Active,800Nz000004NeVfIAK,
a24Nz000001izvFIAQ,Active,800Nz0000012XvUIAU,
a24Nz000001j04vIAA,Active,800Nz000002kc4LIAQ,
a24Nz000001j0WLIAY,Active,800Nz000006gZ2oIAE,
a24Nz000001jExWIAU,Active,800Nz000000Z5ORIA0,
a24Nz000001jFLhIAM,Active,800Nz000000d5slIAA,
a24Nz000001jhMnIAI,Active,800Nz000008LQW0IAO,
a24Nz000001jjy6IAA,Active,800Nz0000016YZZIA2,
a24Nz000001jkvlIAA,Active,800Nz000001MojxIAC,
a24Nz000001jlqDIAQ,Active,800Nz000005MlASIA0,
a24Nz000001jmeDIAQ,Active,800Nz000007RPUbIAO,
a24Nz000001jmkfIAA,Active,8008d000000YUIQAA4,
a24Nz000001jobBIAQ,Active,800Nz000001Niz4IAC,
a24Nz000001jokrIAA,Active,800Nz000001IEyWIAW,
a24Nz000001jtNxIAI,Active,8008d000000YKpEAAW,
a24Nz000001ju3tIAA,Active,800Nz0000045D5bIAE,
a24Nz000001jyM1IAI,Active,8008d000000YaFsAAK,
a24Nz000001jzbRIAQ,Active,800Nz0000014WqMIAU,
a24Nz000001jztBIAQ,Active,800Nz000000WBRnIAO,
a24Nz000001jzzdIAA,Active,800Nz000001CtGJIA0,
a24Nz000001k0CXIAY,Active,800Nz000000kxZxIAI,
a24Nz000001k2ZJIAY,Active,800Nz000001II7bIAG,
a24Nz000001k33xIAA,Active,800Nz000000W62JIAS,
a24Nz000001k3wnIAA,Active,800Nz000001ArVgIAK,
a24Nz000001k3woIAA,Active,800Nz000000d9LKIAY,
a24Nz000001k4jBIAQ,Active,8008d000000YFN5AAO,
a24Nz000001k6RdIAI,Active,800Nz0000019nvNIAQ,
a24Nz000001k7ynIAA,Active,800Nz000007dTnqIAE,
a24Nz000001kAi9IAE,Active,8004J000000BeMwQAK,
a24Nz000001kK9dIAE,Active,800Nz000000x1syIAA,
a24Nz000001kLnFIAU,Active,800Nz000001JDUAIA4,
a24Nz000001kMZdIAM,Active,800Nz00000191KcIAI,
a24Nz000001kN13IAE,Closed - Tenant Retained,800Nz000001AdE8IAK,
a24Nz000001kSC1IAM,Active,800Nz000001ws1IIAQ,
a24Nz000001kSK5IAM,Active,800Nz000006HPI5IAO,
a24Nz000001kUgrIAE,Active,800Nz000000pCC9IAM,
a24Nz000001kb0nIAA,Active,800Nz000006nuopIAA,
a24Nz000001kbGvIAI,Active,8004J000001IxtbQAC,
a24Nz000001kbqPIAQ,Active,800Nz000005G8IKIA0,
a24Nz000001kewLIAQ,Active,800Nz000004Nb56IAC,
a24Nz000001kewMIAQ,Active,800Nz000001p50MIAQ,
a24Nz000001kfsPIAQ,Active,800Nz000001Oc5DIAS,
a24Nz000001kgq5IAA,Active,800Nz000002mBcjIAE,
a24Nz000001kh7pIAA,Active,800Nz000001nDJnIAM,
a24Nz000001ki77IAA,Active,800Nz0000014NIXIA2,
a24Nz000001kkQfIAI,Active,800Nz000002mZP0IAM,
a24Nz000001kkosIAA,Active,800Nz000001jJfSIAU,
a24Nz000001kks5IAA,Active,800Nz0000014OT2IAM,
a24Nz000001kl4zIAA,Active,800Nz000001aKCfIAM,
a24Nz000001kl9pIAA,Active,800Nz000007m06mIAA,
a24Nz000001klL7IAI,Active,800Nz000001SB6XIAW,
a24Nz000001klTBIAY,Active,800Nz000008vMDzIAM,
a24Nz000001l2tqIAA,Cancelled,8008d000000Ykw8AAC,
a24Nz000001l4VpIAI,Active,800Nz000001nBt4IAE,
a24Nz000001l78jIAA,Active,800Nz000000qj4KIAQ,
a24Nz000001l7NFIAY,Active,800Nz0000056ej5IAA,
a24Nz000001l98wIAA,Active,800Nz000001JCcwIAG,
a24Nz000001lBM2IAM,Active,800Nz000000pQtMIAU,
a24Nz000001lBfNIAU,Active,8008d000000YoEJAA0,
a24Nz000001lBlqIAE,Active,800Nz000000sYb9IAE,
a24Nz000001lCA1IAM,Active,800Nz000009YSZQIA4,
a24Nz000001lCMvIAM,Active,8008d000000Y6eyAAC,
a24Nz000001lD4TIAU,Active,800Nz000004ecXJIAY,
a24Nz000001lDu5IAE,Active,800Nz00000192rlIAA,
a24Nz000001lE3lIAE,Active,800Nz000001MmtcIAC,
a24Nz000001lEdFIAU,Active,800Nz000000fRagIAE,
a24Nz000001lHL0IAM,Active,800Nz000007Hn0HIAS,
a24Nz000001lILtIAM,Active,800Nz000000Z3HiIAK,
a24Nz000001lL21IAE,Cancelled,800Nz0000077oIbIAI,
a24Nz000001lNGjIAM,Active,800Nz0000018wW8IAI,
a24Nz000001lP8rIAE,Active,800Nz000001BuMUIA0,
a24Nz000001lPyTIAU,Active,800Nz000006ANnxIAG,
a24Nz000001lT1CIAU,Active,800Nz000001jQVhIAM,
a24Nz000001lpkrIAA,Active,800Nz000005yLRnIAM,
a24Nz000001lrLFIAY,Active,800Nz000007dHjVIAU,
a24Nz000001lu1NIAQ,Active,800Nz000000qddJIAQ,
a24Nz000001lv8jIAA,Active,800Nz000007uSNeIAM,
a24Nz000001lvNFIAY,Active,800Nz000007xLkVIAU,
a24Nz000001lzp3IAA,Active,800Nz000000mEQWIA2,
a24Nz000001lzyjIAA,Active,800Nz000001TDPZIA4,
a24Nz000001m0YDIAY,Active,800Nz000009tt0OIAQ,
a24Nz000001m1O6IAI,Active,800Nz000000rlk1IAA,
a24Nz000001m2gTIAQ,Active,800Nz0000012WOJIA2,
a24Nz000001m36HIAQ,Active,800Nz000001aMrFIAU,
a24Nz000001mEPtIAM,Active,800Nz0000056GIcIAM,
a24Nz000001mERVIA2,Active,800Nz000002hZ4uIAE,
a24Nz000001mEjFIAU,Active,800Nz000001mwafIAA,
a24Nz000001mEsvIAE,Active,800Nz000000nDHDIA2,
a24Nz000001mFvRIAU,Active,800Nz000000kvbEIAQ,
a24Nz000001mFx3IAE,Cancelled,800Nz000000kvbEIAQ,
a24Nz000001mJJ7IAM,Active,800Nz0000015KFPIA2,
a24Nz000001mKVJIA2,Active,800Nz000001vwtEIAQ,
a24Nz000001mKa9IAE,Active,800Nz000000rOfTIAU,
a24Nz000001mKrtIAE,Active,800Nz000004e62nIAA,
a24Nz000001mLHhIAM,Active,800Nz000002mHLgIAM,
a24Nz000001mN6bIAE,Active,800Nz000000qiBXIAY,
a24Nz000001mOaXIAU,Active,800Nz000007qrSjIAI,
a24Nz000001mOvVIAU,Active,800Nz000004xWhZIAU,
a24Nz000001mU9hIAE,Active,800Nz000009lBJ0IAM,
a24Nz000001mUCvIAM,Active,800Nz000007r7s9IAA,
a24Nz000001mUpdIAE,Active,800Nz000002uL2NIAU,
a24Nz000001mUrFIAU,Active,800Nz000001pB0vIAE,
a24Nz000001mWRdIAM,Active,800Nz000000ZERbIAO,
a24Nz000001mZ2vIAE,Active,8008d000000YD0pAAG,
a24Nz000001mbeDIAQ,Active,800Nz000006BTHrIAO,
a24Nz000001mr7tIAA,Active,800Nz000002q5AXIAY,
a24Nz000001nJP7IAM,Active,800Nz000000Z7EtIAK,
a24Nz000001nKZhIAM,Active,800Nz000000myDKIAY,
a24Nz000001nLp7IAE,Active,800Nz000002LxNUIA0,
a24Nz000001nMWiIAM,Active,800Nz000001Mh7QIAS,
a24Nz000001nNPVIA2,Active,800Nz000006DbO7IAK,
a24Nz000001nNhFIAU,Active,800Nz000000eCNSIA2,
a24Nz000001nNkTIAU,Active,800Nz000004MDluIAG,
a24Nz000001nObhIAE,Active,800Nz000000yJpQIAU,
a24Nz000001nPRJIA2,Active,800Nz000008gqKCIAY,
a24Nz000001nQQbIAM,Active,800Nz000000zJXDIA2,
a24Nz000001nQtdIAE,Active,800Nz000007RUVvIAO,
a24Nz000001nRbBIAU,Active,8004J000001IxxiQAC,
a24Nz000001nS4DIAU,Active,800Nz000001hNyeIAE,
a24Nz000001nSKLIA2,Cancelled,800Nz000001TUILIA4,
a24Nz000001nabFIAQ,Active,800Nz000001On79IAC,
a24Nz000001nbKPIAY,Active,800Nz0000019lOwIAI,
a24Nz000001ngTlIAI,Active,800Nz000001Ok2kIAC,
a24Nz000001ngyPIAQ,Active,8008d000000YXHdAAO,
a24Nz000001nh4rIAA,Active,800Nz000001FIldIAG,
a24Nz000001nhb7IAA,Active,800Nz000001bOyyIAE,
a24Nz000001nheLIAQ,Active,8008d000000YWvNAAW,
a24Nz000001nigrIAA,Active,800Nz000003ASzDIAW,
a24Nz000001nvuDIAQ,Active,800Nz000001OozGIAS,
a24Nz000001nwqHIAQ,Active,800Nz000001WPvfIAG,
a24Nz000001nyYjIAI,Active,800Nz000001yU4TIAU,
a24Nz000001nyqTIAQ,Active,800Nz000007RhOPIA0,
a24Nz000001nzPyIAI,Active,8008d000000Y2h1AAC,
a24Nz000001o0FZIAY,Active,800Nz00000192rnIAA,
a24Nz000001o1l7IAA,Cancelled,800Nz000008XbabIAC,
a24Nz000001o2NpIAI,Active,800Nz000008XYWLIA4,
a24Nz000001o77NIAQ,Active,800Nz000001PhMBIA0,
a24Nz000001o7XBIAY,Active,800Nz000001G42MIAS,
a24Nz000001oBu9IAE,Active,800Nz000001NhDOIA0,
a24Nz000001oD7xIAE,Active,800Nz000000rcvGIAQ,
a24Nz000001oDBBIA2,Active,800Nz000001qRDFIA2,
a24Nz000001oENNIA2,Active,800Nz000000jAXxIAM,
a24Nz000001oEqPIAU,Active,800Nz000007ZUVfIAO,
a24Nz000001oGgvIAE,Active,8008d000000Y8tpAAC,
a24Nz000001oHebIAE,Active,800Nz000000saRYIAY,
a24Nz000001oHhpIAE,Active,800Nz00000BgH1bIAF,
a24Nz000001oTe9IAE,Active,800Nz000007Hc85IAC,
a24Nz000001oWDpIAM,Active,800Nz000002dd0TIAQ,
a24Nz000001oWNVIA2,Active,8008d000000YCWQAA4,
a24Nz000001oe6XIAQ,Complete,800Nz0000095jqXIAQ,
a24Nz000001oesvIAA,Active,800Nz000000eGqwIAE,
a24Nz000001ogzZIAQ,Active,800Nz0000012eqSIAQ,
a24Nz000001ohFhIAI,Active,800Nz000001aAzgIAE,
a24Nz000001ohUDIAY,Active,800Nz000000xtYPIAY,
a24Nz000001ohyrIAA,Active,8008d000000YJpCAAW,
a24Nz000001oiRtIAI,Active,800Nz000001bQPdIAM,
a24Nz000001oklRIAQ,Active,800Nz000001vS8uIAE,
a24Nz000001omVVIAY,Active,800Nz000007limTIAQ,
a24Nz000001oqPSIAY,Active,800Nz000001o373IAA,
a24Nz000001oryDIAQ,Active,800Nz000005fDwPIAU,
a24Nz000001otITIAY,Active,800Nz000001daWAIAY,
a24Nz000001p9NFIAY,Active,800Nz000001o55cIAA,
a24Nz000001pFcLIAU,Active,800Nz000001n8OyIAI,
a24Nz000001pI7BIAU,Active,800Nz000000eEtxIAE,
a24Nz000001pIC1IAM,Active,8008d000000YjymAAC,
a24Nz000001pItZIAU,Active,800Nz0000012YwPIAU,
a24Nz000001pKgrIAE,Active,800Nz000009AFdTIAW,
a24Nz000001pKqYIAU,Active,800Nz000001bLbCIAU,
a24Nz000001pN5FIAU,Active,800Nz000002lzuxIAA,
a24Nz000001pOsXIAU,Active,800Nz00000CHN2xIAH,
a24Nz000001pOyzIAE,Active,800Nz000000nI8gIAE,
a24Nz000001pPOnIAM,Active,800Nz000001jdHaIAI,
a24Nz000001pRwrIAE,Active,800Nz000002mDbdIAE,
a24Nz000001pTU1IAM,Active,800Nz000000qZbKIAU,
a24Nz000001pV7dIAE,Active,800Nz00000AO1zoIAD,
a24Nz000001pfGgIAI,Active,800Nz000001o791IAA,
a24Nz000001phNJIAY,Active,800Nz000008F0uSIAS,
a24Nz000001pj0wIAA,Active,800Nz0000095iBKIAY,
a24Nz000001pkWTIAY,Active,800Nz000008NvM8IAK,
a24Nz000001plXeIAI,Active,800Nz000001AlOTIA0,
a24Nz000001pligIAA,Active,800Nz000000wKOBIA2,
a24Nz000001plltIAA,Active,800Nz000000qf8nIAA,
a24Nz000001pmDJIAY,Active,800Nz000001oEaHIAU,
a24Nz000001pmV3IAI,Active,800Nz000001ULEaIAO,
a24Nz000001pnHRIAY,Active,800Nz0000015PgWIAU,
a24Nz000001po3pIAA,Active,800Nz000001TRcCIAW,
a24Nz000001poBuIAI,Active,800Nz000001FHL1IAO,
a24Nz000001pqf9IAA,Active,800Nz000008eWCmIAM,
a24Nz000001prcnIAA,Active,800Nz00000BMZnSIAX,
a24Nz000001pxDZIAY,Active,800Nz0000016LinIAE,
a24Nz000001pyMXIAY,Active,800Nz00000209YXIAY,
a24Nz000001qBTRIA2,Active,800Nz000001IDO4IAO,
a24Nz000001qDtRIAU,Active,800Nz000001yRuSIAU,
a24Nz000001qF8rIAE,Active,800Nz000001yZ5ZIAU,
a24Nz000001qGBNIA2,Active,800Nz000001HI4oIAG,
a24Nz000001qGHpIAM,Active,800Nz000003TISzIAO,
a24Nz000001qY0DIAU,Active,800Nz000000xCzeIAE,
a24Nz000001qYbJIAU,Active,8008d000000Ykf2AAC,
a24Nz000001qZItIAM,Active,800Nz000000fPU3IAM,
a24Nz000001qajZIAQ,Active,800Nz000001HFmsIAG,
a24Nz000001qbm5IAA,Closed - Tenant Retained,800Nz0000029EYwIAM,
a24Nz000001qcDVIAY,Active,800Nz000003dK3ZIAU,
a24Nz000001qcOnIAI,Active,800Nz000001kXIBIA2,
a24Nz000001qdMTIAY,Active,800Nz000001OwFBIA0,
a24Nz000001qdsjIAA,Active,800Nz000001jG09IAE,
a24Nz000001qjRvIAI,Active,800Nz000001LZQXIA4,
a24Nz000001qjqQIAQ,Active,800Nz0000012pdmIAA,
a24Nz000001qkHVIAY,Active,800Nz000001Le0JIAS,
a24Nz000001qnwvIAA,Active,8008d000000YoujAAC,
a24Nz000001qtJBIAY,Active,8008d000000YnGEAA0,
a24Nz000001qytyIAA,Closed - Tenant Retained,800Nz000003TvXaIAK,
a24Nz000001qzI9IAI,Active,800Nz00000E3ONXIA3,
a24Nz000001qzq1IAA,Cancelled,800Nz000001yX0iIAE,
a24Nz000001qzwTIAQ,Active,800Nz0000012bFtIAI,
a24Nz000001r02vIAA,Active,800Nz000002LtLaIAK,
a24Nz000001r069IAA,Active,800Nz000001pLugIAE,
a24Nz000001r0sXIAQ,Complete,800Nz000000W2wYIAS,
a24Nz000001r3vFIAQ,Active,800Nz000001bJ52IAE,
a24Nz000001r405IAA,Active,800Nz000001hK7nIAE,
a24Nz000001r4o5IAA,Active,800Nz0000012UZSIA2,
a24Nz000001r5tpIAA,Active,800Nz000001Noq4IAC,
a24Nz000001r5vRIAQ,Active,800Nz00000BUlfyIAD,
a24Nz000001rJS9IAM,Active,800Nz000007cRJVIA2,
a24Nz000001rK01IAE,Active,800Nz000001kNU6IAM,
a24Nz000001rK3GIAU,Active,800Nz000001h7iRIAQ,
a24Nz000001rK9hIAE,Active,800Nz000008EtcwIAC,
a24Nz000001rKMbIAM,Active,800Nz000006wdwpIAA,
a24Nz000001rLddIAE,Active,800Nz000000eAITIA2,
a24Nz000001rNXNIA2,Active,8008d000000YAyBAAW,
a24Nz000001rNfRIAU,Active,800Nz000002EDcQIAW,
a24Nz000001rQF7IAM,Active,800Nz000000tii4IAA,
a24Nz000001rR6LIAU,Active,800Nz000002MBLUIA4,
a24Nz000001rRazIAE,Active,800Nz000000eUdkIAE,
a24Nz000001rRkfIAE,Active,800Nz000009tfVIIAY,
a24Nz000001rRsjIAE,Active,800Nz000000W7zLIAS,
a24Nz000001rUSPIA2,Active,800Nz000000yEWXIA2,
a24Nz000001rVrWIAU,Active,800Nz000005c9VlIAI,
a24Nz000001rW9GIAU,Active,800Nz000005vGOeIAM,
a24Nz000001rWnZIAU,Active,800Nz000001Z0xSIAS,
a24Nz000001rYqzIAE,Active,800Nz0000098ZWcIAM,
a24Nz000001rZDZIA2,Active,800Nz000007RUinIAG,
a24Nz000001rbTtIAI,Active,800Nz000007lrxjIAA,
a24Nz000001rbdZIAQ,Active,800Nz000009AkR2IAK,
a24Nz000001rcMjIAI,Active,800Nz000001uYL1IAM,
a24Nz000001rcjJIAQ,Active,800Nz0000041CJWIA2,
a24Nz000001rnwTIAQ,Active,800Nz000001uFYWIA2,
a24Nz000001rny5IAA,Active,800Nz000000itVRIAY,
a24Nz000001rpVFIAY,Active,800Nz00000E94eTIAR,
a24Nz000001rqO5IAI,Active,800Nz00000E94duIAB,
a24Nz000001rqj3IAA,Active,800Nz00000E94eZIAR,
a24Nz000001rrs1IAA,Active,800Nz00000E9119IAB,
a24Nz000001rsUjIAI,Active,800Nz00000E911SIAR,
a24Nz000001rsePIAQ,Active,800Nz00000E94eWIAR,
a24Nz000001rtLxIAI,Active,800Nz000005Z7cCIAS,
a24Nz000001ru8LIAQ,Active,800Nz0000013U18IAE,
a24Nz000001rzcfIAA,Active,800Nz0000014M82IAE,
a24Nz000001s0qTIAQ,Active,800Nz000001kDprIAE,
a24Nz000001s0vJIAQ,Active,800Nz00000B8X3xIAF,
a24Nz000001s1WPIAY,Active,800Nz000007depgIAA,
a24Nz000001s3WbIAI,Active,800Nz000001WZyIIAW,
a24Nz000001s3bRIAQ,Active,800Nz000001vhanIAA,
a24Nz000001s4SfIAI,Cancelled,800Nz0000019tBCIAY,
a24Nz000001s5TZIAY,Active,800Nz00000ArUx1IAF,
a24Nz000001s7LhIAI,Active,800Nz000001oHMsIAM,
a24Nz000001s7WzIAI,Active,800Nz000003goecIAA,
a24Nz000001sI4DIAU,Active,800Nz000001aD9ZIAU,
a24Nz000001sIYrIAM,Active,800Nz000001aHuhIAE,
a24Nz000001sIgvIAE,Active,800Nz000001aIAoIAM,
a24Nz000001sKyrIAE,Active,800Nz000001AsxvIAC,
a24Nz000001sLBlIAM,Active,800Nz0000014UQMIA2,
a24Nz000001sLq5IAE,Active,800Nz000005cE92IAE,
a24Nz000001sM7pIAE,Close - NTQ Denied,800Nz000002wu8kIAA,
a24Nz000001sMhJIAU,Active,800Nz000001wuWIIAY,
a24Nz000001sP5hIAE,Active,800Nz000001ISdFIAW,
a24Nz000001sR5uIAE,Active,800Nz000000mrgPIAQ,
a24Nz000001sSOXIA2,Active,800Nz000001J9iGIAS,
a24Nz000001sUQLIA2,Active,800Nz000001PqUQIA0,
a24Nz000001sVhNIAU,Active,800Nz000001UAmEIAW,
a24Nz000001sVr3IAE,Active,800Nz000004RLVxIAO,
a24Nz000001sWtZIAU,Active,800Nz000001o1oMIAQ,
a24Nz000001sYs9IAE,Active,800Nz000003myq6IAA,
a24Nz000001sizZIAQ,Active,800Nz000002wTqFIAU,
a24Nz000001sjM9IAI,Active,800Nz000000j5mkIAA,
a24Nz000001sjdtIAA,Active,800Nz000001OoPqIAK,
a24Nz000001sjpBIAQ,Active,800Nz000001TKqpIAG,
a24Nz000001sjxFIAQ,Active,800Nz000001BiWqIAK,
a24Nz000001sluDIAQ,Active,800Nz000005ikh9IAA,
a24Nz000001smLdIAI,Active,800Nz0000012lAQIAY,
a24Nz000001smiDIAQ,Active,800Nz000001cFooIAE,
a24Nz000001snXrIAI,Active,800Nz000008nkvYIAQ,
a24Nz000001sofBIAQ,Active,800Nz000002587GIAQ,
a24Nz000001sqDxIAI,Active,800Nz0000045mJRIAY,
a24Nz000001stYPIAY,Active,8008d000000YOU3AAO,
a24Nz000001svdRIAQ,Active,800Nz000001GJ9YIAW,
a24Nz000001sw9hIAA,Active,800Nz00000Bj0TsIAJ,
a24Nz000001swrFIAQ,Active,800Nz000001kQRyIAM,
a24Nz000001sww5IAA,Active,800Nz000001A5lqIAC,
a24Nz000001sxH3IAI,Active,800Nz0000014aqrIAA,
a24Nz000001sy53IAA,Active,800Nz000001SXV7IAO,
a24Nz000001szU9IAI,Active,800Nz000001bRyPIAU,
a24Nz000001t7EnIAI,Active,800Nz000001iPrmIAE,
a24Nz000001t7GPIAY,Active,8008d000000YWAUAA4,
a24Nz000001t7gDIAQ,Active,800Nz0000094KCfIAM,
a24Nz000001tBjpIAE,Active,800Nz000000fMW3IAM,
a24Nz000001tRWsIAM,Active,8008d000000YJaBAAW,
a24Nz000001tUOHIA2,Active,800Nz000000qkuzIAA,
a24Nz000001tVfJIAU,Active,800Nz000001bIBuIAM,
a24Nz000001tVsDIAU,Active,800Nz0000013S7KIAU,
a24Nz000001tW9xIAE,Active,800Nz000000ww5OIAQ,
a24Pv000002aliPIAQ,Active,800Pv000008HJmQIAW,
a24Pv000002am3ZIAQ,Active,800Pv000008HPAJIA4,
a24Pv000003zKBNIA2,Active,800Pv00000FikkvIAB,
a24Pv000005eTd9IAE,Active,800Pv00000Fe1MaIAJ,800Pv00000Fe0iGIAR
a24Pv000005egfBIAQ,Active,800Pv00000FeBSNIA3,800Pv00000FdoKWIAZ