Id,Name,Effective_Date__c
01sPv00000246dZIAQ,Price Book Rent 2025 02,2025-02-01
01sPv000002kqTtIAI,Price Book Rent Mar 2025,2025-03-01
01sPv000002kqTuIAI,Price Book Rent Apr 2025,2025-04-01
01sPv000002kqTvIAI,Price Book Rent May 2025,2025-05-01
01sPv000002kqTwIAI,Price Book Rent Jun 2025,2025-06-01
01sPv000002kqTxIAI,Price Book Rent Jul 2025,2025-07-01
01sPv000002kqTyIAI,Price Book Rent Aug 2025,2025-08-01
01sPv000002kqTzIAI,Price Book Rent Sep 2025,2025-09-01
01sPv000002kqU0IAI,Price Book Rent Oct 2025,2025-10-01
01sPv000002kqU1IAI,Price Book Rent Nov 2025,2025-11-01
01sPv000002kqU2IAI,Price Book Rent Dec 2025,2025-12-01
01sPv000002kqU3IAI,Price Book Rent Jan 2026,2026-01-01
01sPv000002kqU4IAI,Price Book Rent Feb 2026,2026-02-01
01sPv000002kqU5IAI,Price Book Rent Mar 2026,2026-03-01
01sPv000002kqU6IAI,Price Book Rent Apr 2026,2026-04-01
01sPv000002kqU7IAI,Price Book Rent May 2026,2026-05-01
01sPv000002kqU8IAI,Price Book Rent Jun 2026,2026-06-01
01sPv000002kqU9IAI,Price Book Rent Jul 2026,2026-07-01
01sPv000002kqUAIAY,Price Book Rent Aug 2026,2026-08-01
01sPv000002kqUBIAY,Price Book Rent Sep 2026,2026-09-01
01sPv000002kqUCIAY,Price Book Rent Oct 2026,2026-10-01
01sPv000002kqUDIAY,Price Book Rent Nov 2026,2026-11-01
01sPv000002kqUEIAY,Price Book Rent Dec 2026,2026-12-01
01sPv000002kqUFIAY,Price Book Rent Jan 2027,2027-01-01
01sPv000002kqUGIAY,Price Book Rent Feb 2027,2027-02-01
01sPv000002kqUHIAY,Price Book Rent Mar 2027,2027-03-01
01sPv000002kqUIIAY,Price Book Rent Apr 2027,2027-04-01
01sPv000002kqUJIAY,Price Book Rent May 2027,2027-05-01
01sPv000002kqUKIAY,Price Book Rent Jun 2027,2027-06-01
01sPv000002kqULIAY,Price Book Rent Jul 2027,2027-07-01
01sPv000002kqUMIAY,Price Book Rent Aug 2027,2027-08-01
01sPv000002kqUNIAY,Price Book Rent Sep 2027,2027-09-01
01sPv000002kqUOIAY,Price Book Rent Oct 2027,2027-10-01
01sPv000002kqUPIAY,Price Book Rent Nov 2027,2027-11-01
01sPv000002kqUQIAY,Price Book Rent Dec 2027,2027-12-01
